phase,Unnamed: 0,date,open,high,low,close,volume
growth,0,2020-06-30,120.928,121.427,120.587,121.239,429419
growth,1,2020-07-01,121.239,121.482,120.26,120.913,405268
growth,2,2020-07-02,120.913,121.442,120.75,120.81,379108
growth,3,2020-07-03,120.81,120.964,120.609,120.888,321699
growth,4,2020-07-06,120.888,121.968,120.783,121.367,326444
growth,5,2020-07-07,121.367,121.718,121.183,121.202,331570
growth,6,2020-07-08,121.202,121.88,121.136,121.514,320978
growth,7,2020-07-09,121.514,121.968,120.903,120.971,353933
growth,8,2020-07-10,120.971,121.066,120.271,120.776,326523
growth,9,2020-07-13,120.793,121.965,120.788,121.704,299526
growth,10,2020-07-14,121.704,122.319,121.469,122.243,363534
growth,11,2020-07-15,122.243,122.499,121.824,122.02,333261
growth,12,2020-07-16,122.02,122.502,121.815,122.076,339791
growth,13,2020-07-17,122.076,122.576,121.93,122.282,272367
growth,14,2020-07-20,122.282,122.975,122.159,122.777,370119
growth,15,2020-07-21,122.777,123.175,122.469,123.109,378208
growth,16,2020-07-22,123.109,124.292,123.021,123.977,428090
growth,17,2020-07-23,123.977,124.242,123.709,123.916,350456
growth,18,2020-07-24,123.916,123.969,122.842,123.674,457386
growth,19,2020-07-27,123.439,123.904,123.221,123.823,424556
growth,20,2020-07-28,123.823,123.989,123.014,123.112,426933
growth,21,2020-07-29,123.112,123.789,123.017,123.71,377535
growth,22,2020-07-30,123.71,124.197,123.337,124.065,442893
growth,23,2020-07-31,124.065,125.209,123.841,124.694,588196
growth,24,2020-08-03,124.506,125.058,123.993,124.618,444417
growth,25,2020-08-04,124.618,125.0,124.266,124.767,384823
growth,26,2020-08-05,124.767,125.516,124.635,125.269,405357
growth,27,2020-08-06,125.269,125.589,124.66,125.347,498861
growth,28,2020-08-07,125.347,125.394,124.46,124.812,481868
growth,29,2020-08-10,124.812,124.883,124.34,124.357,292530
growth,30,2020-08-11,124.357,125.501,124.286,125.011,446019
growth,31,2020-08-12,125.011,126.217,124.951,125.981,409026
growth,32,2020-08-13,125.981,126.755,125.881,126.312,369667
growth,33,2020-08-14,126.312,126.469,125.74,126.206,286787
growth,34,2020-08-17,126.206,126.464,125.671,125.824,288021
growth,35,2020-08-18,125.824,126.094,125.343,125.759,379866
growth,36,2020-08-19,125.759,126.06,125.375,125.598,415385
growth,37,2020-08-20,125.598,125.782,125.083,125.48,401488
growth,38,2020-08-21,125.48,125.559,124.44,124.782,359752
growth,39,2020-08-24,124.714,125.344,124.606,124.916,264455
growth,40,2020-08-25,124.916,126.029,124.858,125.904,322303
growth,41,2020-08-26,125.904,126.141,125.262,125.379,300961
growth,42,2020-08-27,125.379,126.092,125.135,125.975,544224
growth,43,2020-08-28,125.975,126.775,125.201,125.409,552714
growth,44,2020-08-31,125.455,126.847,125.389,126.404,383712
growth,45,2020-09-01,126.404,127.075,126.138,126.201,424968
growth,46,2020-09-02,126.201,126.314,125.554,125.876,369909
growth,47,2020-09-03,125.876,126.024,125.287,125.843,394365
growth,48,2020-09-04,125.843,125.986,125.302,125.731,381696
growth,49,2020-09-07,125.863,125.97,125.494,125.509,195150
growth,50,2020-09-08,125.509,125.649,124.693,124.842,376804
growth,51,2020-09-09,124.842,125.646,124.419,125.319,375066
growth,52,2020-09-10,125.319,126.463,125.26,125.381,394014
growth,53,2020-09-11,125.381,126.123,125.308,125.728,308531
growth,54,2020-09-14,125.536,125.901,125.285,125.426,231487
growth,55,2020-09-15,125.426,125.769,124.755,124.908,252770
growth,56,2020-09-16,124.908,125.014,123.837,123.997,351517
growth,57,2020-09-17,123.997,124.136,123.311,124.102,387506
growth,58,2020-09-18,124.102,124.312,123.434,123.783,286228
growth,59,2020-09-21,123.761,123.94,122.517,123.18,413170
growth,60,2020-09-22,123.18,123.279,122.656,122.851,334818
growth,61,2020-09-23,122.851,123.192,122.578,122.858,349590
growth,62,2020-09-24,122.858,123.158,122.581,122.983,336843
growth,63,2020-09-25,122.983,123.154,122.612,122.75,312099
growth,64,2020-09-28,122.75,123.209,122.377,123.015,263490
growth,65,2020-09-29,123.015,124.119,123.009,124.022,306657
growth,66,2020-09-30,124.022,124.25,123.531,123.589,382626
growth,67,2020-10-01,123.589,124.204,123.551,123.936,386629
growth,68,2020-10-02,123.936,124.007,123.021,123.388,440428
growth,69,2020-10-05,123.275,124.715,123.266,124.564,240175
growth,70,2020-10-06,124.564,124.733,123.849,123.918,284518
growth,71,2020-10-07,123.918,124.877,123.844,124.62,263468
growth,72,2020-10-08,124.62,124.877,124.365,124.65,225236
growth,73,2020-10-09,124.65,125.087,124.514,124.923,238251
growth,74,2020-10-12,124.91,125.006,124.287,124.404,197545
growth,75,2020-10-13,124.404,124.47,123.807,123.859,257365
growth,76,2020-10-14,123.859,123.938,123.472,123.513,220811
growth,77,2020-10-15,123.513,123.774,123.017,123.427,260350
growth,78,2020-10-16,123.427,123.715,123.116,123.465,256759
growth,79,2020-10-19,123.484,124.342,123.365,124.067,195953
growth,80,2020-10-20,124.067,124.999,123.93,124.691,225573
growth,81,2020-10-21,124.691,124.839,123.914,124.023,252082
growth,82,2020-10-22,124.023,124.093,123.653,123.899,223514
growth,83,2020-10-23,123.899,124.233,123.412,124.153,239747
growth,84,2020-10-26,124.057,124.204,123.776,123.795,229236
growth,85,2020-10-27,123.795,123.995,123.147,123.149,216863
growth,86,2020-10-28,123.149,123.186,122.186,122.534,310500
growth,87,2020-10-29,122.534,122.89,121.895,122.076,334829
growth,88,2020-10-30,122.076,122.464,121.617,121.885,346672
growth,89,2020-11-02,121.73,122.154,121.704,121.863,267570
growth,90,2020-11-03,121.863,122.755,121.721,122.324,281369
growth,91,2020-11-04,122.324,123.073,121.965,122.497,647117
growth,92,2020-11-05,122.497,123.182,122.213,122.317,432131
growth,93,2020-11-06,122.317,122.992,122.22,122.706,413425
growth,94,2020-11-09,122.835,125.136,122.657,124.452,548475
growth,95,2020-11-10,124.452,124.606,123.991,124.356,426131
growth,96,2020-11-11,124.356,124.675,123.919,124.144,305864
growth,97,2020-11-12,124.144,124.504,123.684,124.088,291446
growth,98,2020-11-13,124.088,124.302,123.66,123.745,264636
growth,99,2020-11-16,124.012,124.439,123.627,123.915,309600
growth,100,2020-11-17,123.915,124.026,123.515,123.579,242339
growth,101,2020-11-18,123.579,123.63,123.017,123.043,235418
growth,102,2020-11-19,123.043,123.321,122.845,123.173,263798
growth,103,2020-11-20,123.173,123.481,123.009,123.077,235581
growth,104,2020-11-23,122.974,123.828,122.966,123.647,260699
growth,105,2020-11-24,123.647,124.348,123.548,124.168,255752
growth,106,2020-11-25,124.168,124.511,124.141,124.438,276079
growth,107,2020-11-26,124.438,124.569,123.912,124.178,165777
growth,108,2020-11-27,124.178,124.495,123.9,124.463,197249
growth,109,2020-11-30,124.435,125.128,124.305,124.361,279613
growth,110,2020-12-01,124.361,125.954,124.35,125.879,279173
growth,111,2020-12-02,125.879,126.55,125.777,126.472,302708
growth,112,2020-12-03,126.472,126.656,126.03,126.048,287952
growth,113,2020-12-04,126.048,126.682,126.04,126.225,312331
growth,114,2020-12-07,126.169,126.486,125.964,125.97,282341
growth,115,2020-12-08,125.97,126.257,125.861,126.041,273038
growth,116,2020-12-09,126.041,126.517,125.785,125.879,249437
growth,117,2020-12-10,125.879,126.74,125.79,126.487,321238
growth,118,2020-12-11,126.487,126.612,125.785,125.919,267895
growth,119,2020-12-14,126.172,126.514,125.917,126.324,254473
growth,120,2020-12-15,126.324,126.591,125.909,125.933,260499
growth,121,2020-12-16,125.933,126.346,125.705,126.177,290913
growth,122,2020-12-17,126.177,126.519,126.014,126.444,273168
growth,123,2020-12-18,126.444,127.013,126.385,126.543,242633
growth,124,2020-12-21,126.46,126.617,125.911,126.46,371109
growth,125,2020-12-22,126.46,126.658,125.993,126.024,276430
growth,126,2020-12-23,126.024,126.381,125.937,126.149,280568
growth,127,2020-12-24,126.149,126.499,126.097,126.271,164565
growth,128,2020-12-25,126.157,126.392,125.66,126.24,0
growth,129,2020-12-28,126.271,126.958,126.047,126.752,231513
growth,130,2020-12-29,126.752,127.234,126.63,126.872,214098
growth,131,2020-12-30,126.872,127.135,126.464,126.829,264143
growth,132,2020-12-31,126.829,126.981,126.122,126.129,207518
growth,133,2021-01-01,126.443,126.46,125.22,126.443,0
growth,134,2021-01-04,126.11,126.795,126.096,126.261,333741
growth,135,2021-01-05,126.261,126.554,126.048,126.261,286467
growth,136,2021-01-06,126.261,127.248,126.138,126.953,430653
growth,137,2021-01-07,126.953,127.493,126.882,127.325,341085
growth,138,2021-01-08,127.325,127.465,126.815,127.039,381665
growth,139,2021-01-11,126.87,127.032,126.554,126.662,287825
growth,140,2021-01-12,126.662,126.865,126.538,126.632,283270
growth,141,2021-01-13,126.632,126.711,126.211,126.268,268763
growth,142,2021-01-14,126.268,126.527,125.926,126.143,306742
growth,143,2021-01-15,126.143,126.196,125.367,125.379,253337
growth,144,2021-01-18,125.429,125.491,125.089,125.188,200036
growth,145,2021-01-19,125.188,126.209,125.188,126.007,233666
growth,146,2021-01-20,126.007,126.187,125.27,125.297,229166
growth,147,2021-01-21,125.297,125.97,125.261,125.881,249087
growth,148,2021-01-22,125.881,126.403,125.853,126.228,221407
growth,149,2021-01-25,126.29,126.371,125.807,125.926,221566
growth,150,2021-01-26,125.926,126.16,125.691,125.98,219511
growth,151,2021-01-27,125.98,126.19,125.599,126.022,314661
growth,152,2021-01-28,126.022,126.665,125.98,126.264,310713
growth,153,2021-01-29,126.264,127.345,126.235,127.051,346455
growth,154,2021-02-01,127.065,127.117,126.521,126.527,261032
growth,155,2021-02-02,126.527,126.824,126.27,126.402,248056
growth,156,2021-02-03,126.402,126.527,126.143,126.4,204844
growth,157,2021-02-04,126.4,126.465,126.101,126.193,219904
growth,158,2021-02-05,126.193,126.996,126.162,126.921,231876
growth,159,2021-02-08,126.783,127.127,126.649,126.707,198236
growth,160,2021-02-09,126.707,126.851,126.435,126.707,239966
growth,161,2021-02-10,126.707,127.079,126.647,126.73,225090
growth,162,2021-02-11,126.73,127.163,126.686,127.021,159025
growth,163,2021-02-12,127.021,127.308,126.947,127.087,171847
growth,164,2021-02-15,127.177,127.974,127.17,127.785,144846
growth,165,2021-02-16,127.785,128.381,127.665,128.362,219775
growth,166,2021-02-17,128.362,128.453,127.309,127.372,231563
growth,167,2021-02-18,127.372,127.809,127.326,127.766,189884
growth,168,2021-02-19,127.766,128.184,127.652,127.715,202584
growth,169,2021-02-22,127.675,128.246,127.504,127.691,238744
growth,170,2021-02-23,127.691,128.054,127.641,127.867,224789
growth,171,2021-02-24,127.867,128.877,127.739,128.756,302998
growth,172,2021-02-25,128.756,129.976,128.721,129.172,778104
growth,173,2021-02-26,129.172,129.523,128.54,128.583,491694
growth,174,2021-03-01,128.542,128.939,128.219,128.621,283939
growth,175,2021-03-02,128.621,129.077,128.185,128.978,274637
growth,176,2021-03-03,128.978,129.457,128.739,129.09,285592
growth,177,2021-03-04,129.09,129.639,128.914,129.18,331625
growth,178,2021-03-05,129.18,129.577,128.846,129.071,390441
growth,179,2021-03-08,129.098,129.391,128.781,128.94,277221
growth,180,2021-03-09,128.94,129.546,128.915,129.087,281999
growth,181,2021-03-10,129.087,129.43,128.961,129.264,257646
growth,182,2021-03-11,129.264,130.056,129.191,130.035,252400
growth,183,2021-03-12,130.035,130.393,129.817,130.277,242360
growth,184,2021-03-15,130.202,130.487,129.988,130.134,214423
growth,185,2021-03-16,130.134,130.395,129.49,129.709,206437
growth,186,2021-03-17,129.709,130.444,129.661,130.364,244618
growth,187,2021-03-18,130.364,130.666,129.591,129.732,291138
growth,188,2021-03-19,129.732,129.998,129.316,129.577,244252
growth,189,2021-03-22,128.943,129.941,128.934,129.859,196189
growth,190,2021-03-23,129.859,129.919,128.599,128.65,219066
growth,191,2021-03-24,128.65,128.86,128.293,128.421,213571
growth,192,2021-03-25,128.421,128.943,128.385,128.429,237946
growth,193,2021-03-26,128.429,129.458,128.389,129.28,208606
growth,194,2021-03-29,129.371,129.429,128.832,129.138,205714
growth,195,2021-03-30,129.138,129.547,129.084,129.28,202735
growth,196,2021-03-31,129.28,130.044,129.202,129.813,258932
growth,197,2021-04-01,129.813,130.268,129.651,130.241,211746
growth,198,2021-04-02,130.241,130.318,130.032,130.124,127839
growth,199,2021-04-05,130.124,130.265,129.835,130.121,153431
growth,200,2021-04-06,130.121,130.562,129.812,130.282,226880
growth,201,2021-04-07,130.282,130.685,130.139,130.367,240205
growth,202,2021-04-08,130.367,130.478,129.571,130.135,235789
growth,203,2021-04-09,130.135,130.549,130.05,130.457,203196
growth,204,2021-04-12,130.457,130.61,129.895,130.257,164515
growth,205,2021-04-13,130.256,130.497,129.797,130.296,239519
growth,206,2021-04-14,130.296,130.583,130.032,130.452,200940
growth,207,2021-04-15,130.452,130.55,130.022,130.113,198571
growth,208,2021-04-16,130.113,130.541,129.975,130.291,185203
growth,209,2021-04-19,130.202,130.326,129.698,130.162,247227
growth,210,2021-04-20,130.162,130.972,129.99,130.078,231345
growth,211,2021-04-21,130.078,130.142,129.635,130.037,174901
growth,212,2021-04-22,130.037,130.466,129.669,129.698,211443
growth,213,2021-04-23,129.698,130.563,129.589,130.477,222340
growth,214,2021-04-26,130.479,130.762,130.207,130.606,230771
growth,215,2021-04-27,130.606,131.498,130.57,131.411,196814
growth,216,2021-04-28,131.411,131.818,131.357,131.654,243285
growth,217,2021-04-29,131.654,132.366,131.594,132.018,213270
growth,218,2021-04-30,132.018,132.19,131.377,131.378,229079
growth,219,2021-05-03,131.483,132.163,131.428,131.558,201143
growth,220,2021-05-04,131.558,131.639,131.145,131.267,241144
growth,221,2021-05-05,131.267,131.459,130.98,131.029,189874
growth,222,2021-05-06,131.029,131.848,131.024,131.593,215223
growth,223,2021-05-07,131.593,132.174,131.478,132.023,270096
growth,224,2021-05-10,132.023,132.529,131.906,131.959,250028
growth,225,2021-05-11,131.959,132.472,131.785,131.919,271047
growth,226,2021-05-12,131.919,132.451,131.643,132.307,336705
growth,227,2021-05-13,132.307,132.734,132.033,132.193,369300
growth,228,2021-05-14,132.193,132.845,132.156,132.785,219319
growth,229,2021-05-17,132.66,132.952,132.515,132.655,200408
growth,230,2021-05-18,132.655,133.19,132.655,133.068,204871
growth,231,2021-05-19,133.068,133.438,132.637,132.914,292584
growth,232,2021-05-20,132.914,133.09,132.706,132.98,217119
growth,233,2021-05-21,132.98,133.209,132.532,132.664,217480
growth,234,2021-05-24,132.59,133.044,132.521,132.809,190482
growth,235,2021-05-25,132.809,133.613,132.731,133.217,234659
growth,236,2021-05-26,133.217,133.414,132.996,133.056,222711
growth,237,2021-05-27,133.056,134.056,132.931,133.858,222675
growth,238,2021-05-28,133.858,134.01,133.608,133.881,207673
growth,239,2021-05-31,133.93,134.023,133.661,133.913,152792
growth,240,2021-06-01,133.913,134.124,133.667,133.687,169946
growth,241,2021-06-02,133.687,134.072,133.641,133.749,141638
growth,242,2021-06-03,133.749,133.917,133.624,133.723,157085
growth,243,2021-06-04,133.723,133.816,133.139,133.201,170842
growth,244,2021-06-07,133.277,133.386,132.886,133.147,135944
growth,245,2021-06-08,133.147,133.423,133.134,133.265,138150
growth,246,2021-06-09,133.265,133.625,133.203,133.488,116402
growth,247,2021-06-10,133.488,133.761,133.042,133.052,188946
growth,248,2021-06-11,133.052,133.411,132.663,132.774,144686
growth,249,2021-06-14,132.706,133.439,132.649,133.382,131259
growth,250,2021-06-15,133.382,133.682,133.273,133.42,132065
growth,251,2021-06-16,133.42,133.586,132.684,132.765,217110
growth,252,2021-06-17,132.765,132.875,131.023,131.176,246833
growth,253,2021-06-18,131.176,131.431,130.612,130.719,230012
growth,254,2021-06-21,130.719,131.499,130.04,131.347,227304
growth,255,2021-06-22,131.347,132.196,131.219,132.084,178984
growth,256,2021-06-23,132.084,132.695,132.036,132.3,188121
growth,257,2021-06-24,132.3,132.578,132.115,132.252,167559
growth,258,2021-06-25,132.252,132.454,132.121,132.215,148821
growth,259,2021-06-28,132.166,132.347,131.778,131.872,159319
growth,260,2021-06-29,131.872,131.963,131.278,131.401,158815
growth,261,2021-06-30,131.401,131.782,131.279,131.713,197167
growth,262,2021-07-01,131.713,132.431,131.561,132.136,180641
growth,263,2021-07-02,132.136,132.231,131.66,131.66,192001
growth,264,2021-07-05,131.598,131.867,131.545,131.606,158128
growth,265,2021-07-06,131.606,131.862,130.617,130.787,204328
growth,266,2021-07-07,130.787,131.037,130.403,130.433,206632
growth,267,2021-07-08,130.433,130.528,129.621,129.929,270910
growth,268,2021-07-09,129.929,130.876,129.871,130.728,196490
growth,269,2021-07-12,130.728,130.99,130.452,130.852,160831
growth,270,2021-07-13,130.852,131.088,130.212,130.257,204110
growth,271,2021-07-14,130.257,130.431,130.02,130.127,193200
growth,272,2021-07-15,130.127,130.202,129.613,129.709,202784
growth,273,2021-07-16,129.709,130.283,129.638,129.899,184778
growth,274,2021-07-19,129.912,129.972,128.89,128.997,241141
growth,275,2021-07-20,128.997,129.485,128.592,129.363,219427
growth,276,2021-07-21,129.363,130.189,129.157,130.045,181372
growth,277,2021-07-22,130.045,130.297,129.486,129.617,205665
growth,278,2021-07-23,129.617,130.182,129.521,130.075,152846
growth,279,2021-07-26,130.016,130.35,129.675,130.255,176676
growth,280,2021-07-27,130.255,130.303,129.545,129.7,200413
growth,281,2021-07-28,129.7,130.237,129.614,130.16,228205
growth,282,2021-07-29,130.16,130.562,129.895,130.105,175063
growth,283,2021-07-30,130.105,130.499,130.019,130.153,175803
growth,284,2021-08-02,130.153,130.423,129.602,129.706,156104
growth,285,2021-08-03,129.706,129.867,129.164,129.34,164993
growth,286,2021-08-04,129.34,129.819,129.133,129.572,178000
growth,287,2021-08-05,129.572,130.015,129.506,129.872,157349
growth,288,2021-08-06,129.872,129.963,129.581,129.619,162382
growth,289,2021-08-09,129.714,129.724,129.336,129.358,131878
growth,290,2021-08-10,129.358,129.686,129.353,129.543,131845
growth,291,2021-08-11,129.543,129.805,129.498,129.625,136346
growth,292,2021-08-12,129.625,129.708,129.39,129.416,108189
growth,293,2021-08-13,129.416,129.697,129.234,129.271,107382
growth,294,2021-08-16,129.271,129.433,128.5,128.623,120984
growth,295,2021-08-17,128.623,128.874,128.247,128.283,142223
growth,296,2021-08-18,128.283,128.948,128.221,128.511,137443
growth,297,2021-08-19,128.511,128.707,127.932,128.048,183665
growth,298,2021-08-20,128.048,128.525,127.947,128.426,133295
growth,299,2021-08-23,128.426,129.145,128.281,128.832,132851
growth,300,2021-08-24,128.832,129.033,128.594,128.875,113915
growth,301,2021-08-25,128.875,129.534,128.768,129.495,121903
growth,302,2021-08-26,129.495,129.766,129.225,129.333,138324
growth,303,2021-08-27,129.333,129.749,129.157,129.528,155093
growth,304,2021-08-30,129.562,129.71,129.487,129.646,87520
growth,305,2021-08-31,129.646,130.175,129.586,129.897,154972
growth,306,2021-09-01,129.897,130.454,129.868,130.223,141148
growth,307,2021-09-02,130.223,130.59,130.161,130.525,104841
growth,308,2021-09-03,130.525,130.742,130.187,130.289,161762
growth,309,2021-09-06,130.289,130.502,130.221,130.33,83618
growth,310,2021-09-07,130.33,130.657,130.294,130.55,137560
growth,311,2021-09-08,130.55,130.696,130.175,130.244,143636
growth,312,2021-09-09,130.244,130.321,129.666,129.687,169158
growth,313,2021-09-10,129.687,130.276,129.687,129.782,149013
growth,314,2021-09-13,129.795,129.945,129.591,129.838,141021
growth,315,2021-09-14,129.838,130.196,129.366,129.442,180410
growth,316,2021-09-15,129.442,129.536,129.061,129.213,157285
growth,317,2021-09-16,129.213,129.357,128.607,129.066,160687
growth,318,2021-09-17,129.066,129.673,128.879,128.879,160626
growth,319,2021-09-20,128.894,129.029,128.141,128.261,143488
growth,320,2021-09-21,128.261,128.704,127.997,128.031,181240
growth,321,2021-09-22,128.031,128.776,127.93,128.293,234497
growth,322,2021-09-23,128.293,129.545,128.278,129.498,183470
growth,323,2021-09-24,129.498,129.844,129.384,129.786,147661
growth,324,2021-09-27,129.743,129.937,129.482,129.797,181484
growth,325,2021-09-28,129.797,130.381,129.666,130.238,201323
growth,326,2021-09-29,130.238,130.474,129.676,129.812,204887
growth,327,2021-09-30,129.812,129.96,128.773,128.796,208566
growth,328,2021-10-01,128.796,129.047,128.548,128.745,217714
growth,329,2021-10-04,128.518,129.379,128.518,128.861,186082
growth,330,2021-10-05,128.861,129.386,128.758,129.251,177024
growth,331,2021-10-06,129.251,129.499,128.332,128.702,213388
growth,332,2021-10-07,128.702,129.03,128.632,128.911,152038
growth,333,2021-10-08,128.911,129.909,128.863,129.87,176734
growth,334,2021-10-11,129.739,131.226,129.709,130.876,146884
growth,335,2021-10-12,130.876,131.274,130.745,130.984,181644
growth,336,2021-10-13,130.984,131.466,130.881,131.244,189189
growth,337,2021-10-14,131.244,131.86,131.216,131.804,148491
growth,338,2021-10-15,131.804,132.775,131.78,132.456,187368
growth,339,2021-10-18,132.425,132.787,132.148,132.704,201953
growth,340,2021-10-19,132.704,133.191,132.622,133.024,176693
growth,341,2021-10-20,133.024,133.481,132.737,133.131,178132
growth,342,2021-10-21,133.131,133.372,132.262,132.459,186213
growth,343,2021-10-22,132.459,132.793,131.918,132.127,177004
growth,344,2021-10-25,132.162,132.602,131.863,131.984,159902
growth,345,2021-10-26,131.984,132.667,131.938,132.319,137390
growth,346,2021-10-27,132.319,132.525,131.579,132.048,193233
growth,347,2021-10-28,132.048,132.702,131.556,132.638,224528
growth,348,2021-10-29,132.638,132.919,131.604,131.772,212576
growth,349,2021-11-01,131.822,132.444,131.781,132.282,170755
growth,350,2021-11-02,132.282,132.393,131.476,131.946,172526
growth,351,2021-11-03,131.946,132.412,131.751,132.355,181612
growth,352,2021-11-04,132.355,132.563,131.016,131.417,187577
growth,353,2021-11-05,131.417,131.589,130.836,131.155,202441
growth,354,2021-11-08,130.974,131.431,130.897,131.163,166054
growth,355,2021-11-09,131.163,131.267,130.679,130.817,191647
growth,356,2021-11-10,130.817,131.418,130.643,130.725,223699
growth,357,2021-11-11,130.725,130.996,130.44,130.589,154461
growth,358,2021-11-12,130.589,130.763,130.23,130.281,160856
growth,359,2021-11-15,130.413,130.6,129.683,129.714,161932
growth,360,2021-11-16,129.714,130.113,129.629,129.974,194775
growth,361,2021-11-17,129.974,130.083,129.018,129.12,206406
growth,362,2021-11-18,129.12,129.946,129.048,129.901,183688
growth,363,2021-11-19,129.901,129.987,127.977,128.577,255836
growth,364,2021-11-22,128.592,129.325,128.536,129.056,217622
growth,365,2021-11-23,129.056,129.598,128.896,129.49,226540
growth,366,2021-11-24,129.49,129.559,128.688,129.252,229832
growth,367,2021-11-25,129.252,129.528,129.205,129.219,160128
growth,368,2021-11-26,129.219,129.289,127.794,128.251,368331
growth,369,2021-11-29,128.472,128.571,127.489,128.161,272059
growth,370,2021-11-30,128.161,128.603,127.642,128.283,364763
growth,371,2021-12-01,128.283,128.786,127.567,127.636,264353
growth,372,2021-12-02,127.636,128.224,127.498,127.878,247516
growth,373,2021-12-03,127.878,128.34,127.383,127.517,255396
growth,374,2021-12-06,127.547,128.087,127.513,128.036,198959
growth,375,2021-12-07,128.036,128.466,127.602,127.918,182187
growth,376,2021-12-08,127.918,129.106,127.823,128.848,214272
growth,377,2021-12-09,128.848,129.071,127.936,128.124,165960
growth,378,2021-12-10,128.124,128.403,127.812,128.261,179675
growth,379,2021-12-13,128.133,128.458,128.008,128.124,152732
growth,380,2021-12-14,128.124,128.559,127.947,128.021,165970
growth,381,2021-12-15,128.021,128.824,127.944,128.718,207416
growth,382,2021-12-16,128.718,129.637,128.451,128.708,229057
growth,383,2021-12-17,128.708,128.985,127.7,127.705,208488
growth,384,2021-12-20,127.629,128.311,127.515,128.088,210999
growth,385,2021-12-21,128.088,128.771,128.052,128.731,169203
growth,386,2021-12-22,128.731,129.5,128.505,129.198,160288
growth,387,2021-12-23,129.198,129.727,129.049,129.539,133705
growth,388,2021-12-24,129.539,129.753,129.295,129.371,208158
growth,389,2021-12-27,129.371,130.155,129.264,130.089,100023
growth,390,2021-12-28,130.089,130.228,129.607,129.821,106264
growth,391,2021-12-29,129.821,130.563,129.652,130.398,132776
growth,392,2021-12-30,130.398,130.589,130.122,130.27,129121
growth,393,2021-12-31,130.27,131.021,130.163,131.011,111073
growth,394,2022-01-03,131.011,131.011,130.024,130.238,144985
growth,395,2022-01-04,130.238,131.459,130.201,131.065,178616
growth,396,2022-01-05,131.065,131.601,130.837,131.337,177312
growth,397,2022-01-06,131.337,131.431,130.64,130.834,204579
growth,398,2022-01-07,130.834,131.349,130.758,131.193,173883
growth,399,2022-01-10,131.193,131.366,130.159,130.455,185411
growth,400,2022-01-11,130.455,131.199,130.381,131.071,183570
growth,401,2022-01-12,131.071,131.474,130.947,131.142,188396
growth,402,2022-01-13,131.142,131.441,130.619,130.773,187884
growth,403,2022-01-14,130.773,130.858,129.778,130.335,218730
growth,404,2022-01-17,130.23,130.827,130.23,130.71,118885
growth,405,2022-01-18,130.71,131.178,129.698,129.78,231113
growth,406,2022-01-19,129.78,129.987,129.388,129.66,193352
growth,407,2022-01-20,129.66,130.087,129.013,129.035,192163
growth,408,2022-01-21,129.035,129.309,128.559,128.934,230141
growth,409,2022-01-24,128.881,129.158,128.406,129.041,246782
growth,410,2022-01-25,129.041,129.198,128.246,128.665,223434
growth,411,2022-01-26,128.665,129.245,128.596,128.841,230759
growth,412,2022-01-27,128.841,129.016,128.326,128.539,269719
growth,413,2022-01-28,128.539,128.853,128.353,128.415,229194
growth,414,2022-01-31,128.449,129.376,128.422,129.316,220785
growth,415,2022-02-01,129.316,129.535,128.87,129.24,212820
growth,416,2022-02-02,129.24,129.472,129.041,129.347,180929
growth,417,2022-02-03,129.347,131.538,129.187,131.477,268355
growth,418,2022-02-04,131.477,132.09,131.388,131.837,255084
growth,419,2022-02-07,132.111,132.164,131.257,131.678,221414
growth,420,2022-02-08,131.678,132.034,131.476,131.863,186101
growth,421,2022-02-09,131.863,132.158,131.63,131.938,170841
growth,422,2022-02-10,131.938,133.151,131.866,132.531,274136
growth,423,2022-02-11,132.531,132.613,130.387,130.957,294522
growth,424,2022-02-14,130.689,131.388,130.046,130.613,311243
growth,425,2022-02-15,130.613,131.538,130.434,131.286,243799
growth,426,2022-02-16,131.286,131.907,131.109,131.317,254337
growth,427,2022-02-17,131.317,131.501,130.4,130.586,368442
growth,428,2022-02-18,130.586,131.121,130.207,130.209,267791
growth,429,2022-02-21,130.153,130.905,129.723,129.738,203953
growth,430,2022-02-22,129.738,130.766,129.354,130.281,366713
growth,431,2022-02-23,130.281,130.709,129.944,129.985,208943
growth,432,2022-02-24,129.985,130.024,127.916,129.272,667239
growth,433,2022-02-25,129.272,130.291,128.718,130.139,409010
growth,434,2022-02-28,130.139,130.139,128.68,128.956,439074
growth,435,2022-03-01,128.956,129.241,127.371,127.75,270764
growth,436,2022-03-02,127.75,128.773,127.296,128.389,309052
growth,437,2022-03-03,128.389,128.508,127.584,127.751,214212
growth,438,2022-03-04,127.751,127.819,125.071,125.445,314883
growth,439,2022-03-07,125.501,125.955,124.391,125.118,504407
growth,440,2022-03-08,125.118,126.732,125.051,125.959,463098
growth,441,2022-03-09,125.959,128.467,125.959,128.262,339114
growth,442,2022-03-10,128.262,128.876,127.416,127.585,382614
growth,443,2022-03-11,127.585,129.042,127.515,127.947,366164
growth,444,2022-03-14,128.088,129.711,127.966,129.271,298651
growth,445,2022-03-15,129.271,130.03,129.2,129.584,327784
growth,446,2022-03-16,129.584,131.094,129.503,131.013,397047
growth,447,2022-03-17,131.013,131.908,130.719,131.522,308711
growth,448,2022-03-18,131.522,131.92,131.183,131.662,252310
growth,449,2022-03-21,131.662,131.971,131.38,131.596,213372
growth,450,2022-03-22,131.596,133.337,131.58,133.155,309865
growth,451,2022-03-23,133.155,133.895,132.326,133.281,286833
growth,452,2022-03-24,133.281,134.611,132.949,134.525,284433
growth,453,2022-03-25,134.525,134.742,133.721,134.026,334471
growth,454,2022-03-28,134.052,137.544,133.971,136.052,503188
growth,455,2022-03-29,136.052,137.309,135.308,136.201,507898
growth,456,2022-03-30,136.201,136.671,134.874,135.901,463383
growth,457,2022-03-31,135.901,136.842,134.514,134.615,431978
growth,458,2022-04-01,134.615,135.88,134.543,135.293,346023
growth,459,2022-04-04,135.278,135.68,134.569,134.688,239722
growth,460,2022-04-05,134.688,135.124,134.294,134.769,255450
growth,461,2022-04-06,134.769,135.471,134.692,134.841,312105
growth,462,2022-04-07,134.841,135.503,134.417,134.81,283698
growth,463,2022-04-08,134.81,135.368,134.353,135.161,261785
growth,464,2022-04-11,135.441,137.129,135.273,136.422,286843
growth,465,2022-04-12,136.422,136.643,135.54,135.708,354803
growth,466,2022-04-13,135.708,136.874,135.68,136.797,287545
growth,467,2022-04-14,136.797,136.935,135.513,136.282,343150
growth,468,2022-04-15,136.282,136.909,136.219,136.518,444541
growth,469,2022-04-18,136.518,137.026,136.453,136.897,197343
growth,470,2022-04-19,136.897,139.094,136.834,139.02,332299
growth,471,2022-04-20,139.02,139.694,138.393,138.733,427053
growth,472,2022-04-21,138.733,140.004,138.688,139.032,369137
growth,473,2022-04-22,139.032,139.488,138.254,138.738,381320
growth,474,2022-04-25,138.738,139.203,136.482,137.231,576354
growth,475,2022-04-26,137.231,137.537,135.295,135.315,483904
growth,476,2022-04-27,135.315,136.157,134.775,135.594,538043
growth,477,2022-04-28,135.594,137.999,135.428,137.246,651491
growth,478,2022-04-29,137.246,137.984,136.493,136.882,548948
growth,479,2022-05-02,136.882,137.638,136.516,136.756,446101
growth,480,2022-05-03,136.756,137.373,136.539,136.902,398718
growth,481,2022-05-04,136.902,137.427,136.595,137.066,447098
growth,482,2022-05-05,137.066,137.573,136.822,137.179,542212
growth,483,2022-05-06,137.179,138.155,136.737,137.648,590519
growth,484,2022-05-09,137.648,138.319,137.063,137.54,486044
growth,485,2022-05-10,137.54,138.082,137.028,137.301,528854
growth,486,2022-05-11,137.301,137.706,136.181,136.606,575052
growth,487,2022-05-12,136.606,136.746,132.657,133.146,729429
growth,488,2022-05-13,133.146,134.752,133.098,134.468,465989
growth,489,2022-05-16,134.437,135.049,133.744,134.687,375417
growth,490,2022-05-17,134.687,136.696,134.491,136.437,414191
growth,491,2022-05-18,136.437,136.669,134.073,134.121,379517
growth,492,2022-05-19,134.121,135.458,133.924,135.234,574324
growth,493,2022-05-20,135.234,135.795,134.58,134.934,457347
growth,494,2022-05-23,135.103,136.799,134.659,136.702,416711
growth,495,2022-05-24,136.702,136.788,135.549,136.089,512978
growth,496,2022-05-25,136.089,136.235,134.987,135.877,437372
growth,497,2022-05-26,135.877,136.637,135.231,136.277,397661
growth,498,2022-05-27,136.277,136.725,135.843,136.426,350348
growth,499,2022-05-30,136.34,137.666,136.262,137.403,260908
growth,500,2022-05-31,137.403,138.234,136.8,138.062,467174
growth,501,2022-06-01,138.062,138.973,138.022,138.489,409590
growth,502,2022-06-02,138.489,139.609,138.391,139.491,328565
growth,503,2022-06-03,139.491,140.371,139.397,140.211,318821
growth,504,2022-06-06,140.211,141.124,139.838,141.039,334694
growth,505,2022-06-07,141.039,142.059,140.992,141.891,445510
growth,506,2022-06-08,141.891,144.251,141.826,143.821,461496
growth,507,2022-06-09,143.821,144.188,142.339,142.585,559569
growth,508,2022-06-10,142.585,142.789,140.802,141.36,513946
growth,509,2022-06-13,141.218,141.774,139.387,139.859,645800
growth,510,2022-06-14,139.859,141.128,139.478,141.091,623900
growth,511,2022-06-15,141.091,141.489,139.524,139.759,788573
growth,512,2022-06-16,139.759,140.602,137.836,139.381,1606388
growth,513,2022-06-17,139.381,141.97,139.357,141.595,852200
growth,514,2022-06-20,141.339,142.355,141.285,141.937,445530
growth,515,2022-06-21,141.937,143.999,141.822,143.96,502715
growth,516,2022-06-22,143.96,144.246,142.667,143.902,615269
growth,517,2022-06-23,143.902,143.989,141.398,141.94,700885
growth,518,2022-06-24,141.94,142.767,141.396,142.607,531235
growth,519,2022-06-27,142.607,143.481,142.029,143.338,540539
growth,520,2022-06-28,143.338,144.277,142.864,143.186,556435
growth,521,2022-06-29,143.186,143.858,142.482,142.586,615415
growth,522,2022-06-30,142.586,142.861,141.372,142.238,629839
growth,523,2022-07-01,142.238,142.431,139.792,141.04,704746
growth,524,2022-07-04,141.04,141.663,140.609,141.4,391342
growth,525,2022-07-05,141.4,142.372,138.945,139.442,666275
growth,526,2022-07-06,139.442,139.5,137.266,138.357,735889
growth,527,2022-07-07,138.357,139.068,137.984,138.087,588908
growth,528,2022-07-08,138.087,138.711,136.858,138.528,674663
growth,529,2022-07-11,138.528,139.169,137.882,137.94,548381
growth,530,2022-07-12,137.94,138.075,137.018,137.339,625434
growth,531,2022-07-13,137.339,138.797,137.123,138.125,708382
growth,532,2022-07-14,138.125,139.767,137.99,139.189,800105
growth,533,2022-07-15,139.189,139.889,138.744,139.642,546983
growth,534,2022-07-18,139.642,140.797,139.377,140.072,525588
growth,535,2022-07-19,140.072,141.447,139.69,141.285,552511
growth,536,2022-07-20,141.285,141.933,140.424,140.601,519127
growth,537,2022-07-21,140.601,142.325,140.133,140.463,705113
growth,538,2022-07-22,140.463,140.691,138.784,138.943,623901
growth,539,2022-07-25,139.053,140.077,138.718,139.612,495048
growth,540,2022-07-26,139.612,139.836,138.13,138.454,432528
growth,541,2022-07-27,138.454,139.507,138.428,139.236,498943
growth,542,2022-07-28,139.236,139.344,136.373,136.866,629131
growth,543,2022-07-29,136.866,137.331,135.545,136.213,638566
growth,544,2022-08-01,136.213,136.347,134.998,135.031,552844
growth,545,2022-08-02,135.031,135.403,133.392,135.372,667228
growth,546,2022-08-03,135.372,136.42,134.828,136.052,645093
growth,547,2022-08-04,136.052,136.92,135.639,136.101,518613
growth,548,2022-08-05,136.101,137.756,135.8,137.399,528824
growth,549,2022-08-08,137.319,137.924,137.064,137.596,455657
growth,550,2022-08-09,137.596,138.314,137.261,137.981,352860
growth,551,2022-08-10,137.981,138.395,136.612,136.861,546416
growth,552,2022-08-11,136.861,137.394,136.298,137.23,501175
growth,553,2022-08-12,137.23,137.719,136.782,136.89,442725
growth,554,2022-08-15,136.89,137.063,135.276,135.42,404753
growth,555,2022-08-16,135.42,136.918,134.944,136.503,416016
growth,556,2022-08-17,136.503,137.877,136.26,137.453,448986
growth,557,2022-08-18,137.453,137.659,136.557,137.045,424791
growth,558,2022-08-19,137.045,137.964,136.936,137.398,385014
growth,559,2022-08-22,137.398,137.944,136.398,136.685,420765
growth,560,2022-08-23,136.685,137.063,135.72,136.304,493117
growth,561,2022-08-24,136.304,136.784,135.513,136.626,464323
growth,562,2022-08-25,136.626,136.981,136.014,136.127,439509
growth,563,2022-08-26,136.127,137.964,136.089,136.99,498296
growth,564,2022-08-29,137.154,138.974,136.916,138.638,464520
growth,565,2022-08-30,138.638,139.216,138.263,138.956,500034
growth,566,2022-08-31,138.956,139.728,138.266,139.676,524491
growth,567,2022-09-01,139.676,139.996,138.923,139.419,528262
growth,568,2022-09-02,139.419,140.749,139.257,139.492,520788
growth,569,2022-09-05,139.081,139.644,138.688,139.503,396658
growth,570,2022-09-06,139.503,141.758,139.469,141.4,659681
growth,571,2022-09-07,141.4,144.012,141.335,143.823,630478
growth,572,2022-09-08,143.823,144.329,143.177,144.054,724955
growth,573,2022-09-09,144.054,144.724,142.638,143.184,597874
growth,574,2022-09-12,143.609,145.634,143.379,144.561,580863
growth,575,2022-09-13,144.561,145.416,144.015,144.067,577585
growth,576,2022-09-14,144.067,144.472,142.297,142.866,711656
growth,577,2022-09-15,142.866,143.685,142.558,143.453,487029
growth,578,2022-09-16,143.453,143.532,142.508,143.067,528445
growth,579,2022-09-19,143.067,143.613,142.8,143.534,382955
growth,580,2022-09-20,143.534,144.04,143.015,143.273,527441
growth,581,2022-09-21,143.273,143.593,141.641,141.763,770716
growth,582,2022-09-22,141.763,143.7,138.703,139.989,1118593
growth,583,2022-09-23,139.989,140.257,138.668,138.855,662335
growth,584,2022-09-26,138.861,139.522,137.363,139.06,875419
growth,585,2022-09-27,139.06,139.546,138.615,138.915,654486
growth,586,2022-09-28,138.915,140.397,138.057,140.282,805811
growth,587,2022-09-29,140.282,141.755,139.401,141.734,727063
growth,588,2022-09-30,141.734,142.293,140.757,141.835,708957
growth,589,2022-10-03,141.368,142.462,141.368,142.014,614274
growth,590,2022-10-04,142.014,144.077,141.955,143.912,648480
growth,591,2022-10-05,143.912,144.086,142.441,142.986,606022
growth,592,2022-10-06,142.986,143.456,141.952,142.108,579681
growth,593,2022-10-07,142.108,142.217,141.18,141.596,535714
growth,594,2022-10-10,141.505,141.816,140.896,141.367,462817
growth,595,2022-10-11,141.367,142.199,140.975,141.535,565007
growth,596,2022-10-12,141.535,142.631,141.358,142.526,572213
growth,597,2022-10-13,142.526,144.093,141.719,143.812,643337
growth,598,2022-10-14,143.812,144.846,143.474,144.584,609533
growth,599,2022-10-17,144.504,146.717,144.294,146.604,474734
growth,600,2022-10-18,146.604,147.198,145.816,147.115,499460
growth,601,2022-10-19,147.115,147.252,146.072,146.409,449875
growth,602,2022-10-20,146.409,147.299,146.235,146.888,510427
growth,603,2022-10-21,146.888,148.403,144.084,145.539,925669
growth,604,2022-10-24,145.644,147.398,143.722,147.091,659427
growth,605,2022-10-25,147.091,147.486,146.625,147.357,442082
growth,606,2022-10-26,147.357,147.724,146.954,147.486,555432
growth,607,2022-10-27,147.486,147.695,145.549,145.728,588504
growth,608,2022-10-28,145.728,147.366,145.606,146.839,553315
growth,609,2022-10-31,146.996,147.755,146.707,146.944,406427
growth,610,2022-11-01,146.944,147.117,145.962,146.361,467819
growth,611,2022-11-02,146.361,146.482,145.033,145.173,568739
growth,612,2022-11-03,145.173,145.356,144.03,144.525,447745
growth,613,2022-11-04,144.525,146.141,144.232,145.958,516437
growth,614,2022-11-07,145.958,147.001,145.434,146.852,432974
growth,615,2022-11-08,146.852,146.993,145.984,146.738,387696
growth,616,2022-11-09,146.738,147.11,146.311,146.569,489728
growth,617,2022-11-10,146.569,146.743,143.191,143.835,689882
growth,618,2022-11-11,143.835,145.025,142.54,143.644,738007
growth,619,2022-11-14,143.684,145.248,143.465,144.422,616129
growth,620,2022-11-15,144.422,145.361,143.353,144.106,755697
growth,621,2022-11-16,144.106,145.498,143.563,144.986,635158
growth,622,2022-11-17,144.986,145.472,144.443,145.269,499863
growth,623,2022-11-18,145.269,145.547,144.554,144.877,429954
growth,624,2022-11-21,144.849,145.645,144.327,145.535,397042
growth,625,2022-11-22,145.535,145.71,144.888,145.47,411279
growth,626,2022-11-23,145.47,146.135,144.635,145.101,419099
growth,627,2022-11-24,145.101,145.205,143.648,144.328,315670
growth,628,2022-11-25,144.328,145.151,144.112,144.458,418856
growth,629,2022-11-28,144.366,145.004,143.043,143.646,500261
growth,630,2022-11-29,143.646,144.023,143.017,143.259,494813
growth,631,2022-11-30,143.259,144.849,143.164,143.722,567668
growth,632,2022-12-01,143.722,143.758,141.901,142.469,607469
growth,633,2022-12-02,142.469,142.478,140.761,141.566,537588
growth,634,2022-12-05,141.596,143.621,141.49,143.518,456091
growth,635,2022-12-06,143.518,143.999,143.094,143.321,469827
growth,636,2022-12-07,143.321,144.581,143.165,143.489,494194
growth,637,2022-12-08,143.489,144.362,143.249,144.271,411908
growth,638,2022-12-09,144.271,144.465,143.169,143.871,469971
growth,639,2022-12-12,143.666,145.102,143.666,145.054,397631
growth,640,2022-12-13,145.054,145.345,143.517,144.161,558747
growth,641,2022-12-14,144.161,144.751,143.468,144.708,579266
growth,642,2022-12-15,144.708,146.724,144.3,146.426,576596
growth,643,2022-12-16,146.426,146.596,144.613,144.767,478102
growth,644,2022-12-19,143.931,145.492,143.862,145.235,396901
growth,645,2022-12-20,145.235,145.831,138.8,139.903,832007
growth,646,2022-12-21,139.903,140.766,139.653,140.453,489749
growth,647,2022-12-22,140.453,140.659,139.959,140.2,447110
growth,648,2022-12-23,140.2,141.214,140.042,140.89,436976
growth,649,2022-12-26,140.89,141.565,140.311,141.271,102669
growth,650,2022-12-27,141.271,142.272,141.129,141.986,338900
growth,651,2022-12-28,141.986,142.939,141.886,142.661,397640
growth,652,2022-12-29,142.661,142.674,141.575,141.808,345909
growth,653,2022-12-30,141.808,141.89,139.989,140.318,445748
growth,654,2023-01-02,140.318,140.318,139.224,139.379,111333
growth,655,2023-01-03,139.379,140.012,137.385,138.164,594924
growth,656,2023-01-04,138.164,140.76,137.87,140.596,565444
growth,657,2023-01-05,140.596,141.357,139.967,140.351,554122
growth,658,2023-01-06,140.351,141.446,140.227,140.564,537967
growth,659,2023-01-09,140.39,141.914,140.167,141.485,494930
growth,660,2023-01-10,141.485,142.05,141.091,141.914,487097
growth,661,2023-01-11,141.914,142.855,141.778,142.389,406574
growth,662,2023-01-12,142.389,142.525,140.008,140.297,700503
growth,663,2023-01-13,140.297,140.4,138.012,138.514,562949
growth,664,2023-01-16,138.401,139.294,138.232,139.031,402044
growth,665,2023-01-17,139.031,139.616,138.178,138.178,518769
growth,666,2023-01-18,138.178,141.685,138.178,139.112,825225
growth,667,2023-01-19,139.112,139.426,137.913,139.067,492058
growth,668,2023-01-20,139.067,141.196,139.036,140.607,452863
growth,669,2023-01-23,140.708,142.076,140.467,142.027,411817
growth,670,2023-01-24,142.027,142.202,141.251,141.674,387696
growth,671,2023-01-25,141.674,142.295,140.754,141.416,407017
growth,672,2023-01-26,141.416,141.911,140.871,141.803,430238
growth,673,2023-01-27,141.803,141.818,140.816,141.094,388379
growth,674,2023-01-30,140.915,141.977,140.55,141.441,459303
growth,675,2023-01-31,141.441,141.617,140.74,141.267,426285
growth,676,2023-02-01,141.267,141.837,140.898,141.652,516326
growth,677,2023-02-02,141.652,141.937,140.084,140.388,585474
growth,678,2023-02-03,140.388,142.346,139.931,141.562,572263
growth,679,2023-02-06,142.819,142.842,141.976,142.23,492519
growth,680,2023-02-07,142.23,142.337,140.286,140.497,599324
growth,681,2023-02-08,140.497,141.03,140.292,140.675,406692
growth,682,2023-02-09,140.675,141.34,140.433,141.227,447980
growth,683,2023-02-10,141.227,141.508,139.547,140.317,582552
growth,684,2023-02-13,140.19,142.381,140.19,141.928,372030
growth,685,2023-02-14,141.928,142.944,141.515,142.896,610973
growth,686,2023-02-15,142.896,143.437,142.343,143.369,447618
growth,687,2023-02-16,143.369,143.441,142.856,142.928,468719
growth,688,2023-02-17,142.928,143.671,142.912,143.434,414043
growth,689,2023-02-20,143.434,143.654,143.027,143.373,298553
growth,690,2023-02-21,143.373,144.162,143.167,143.749,404934
growth,691,2023-02-22,143.749,143.888,143.037,143.051,434346
growth,692,2023-02-23,143.051,143.518,142.561,142.666,346202
growth,693,2023-02-24,142.666,144.008,142.149,143.92,521602
growth,694,2023-02-27,143.835,144.55,143.563,144.413,364650
growth,695,2023-02-28,144.413,145.472,143.875,143.983,395210
growth,696,2023-03-01,143.983,145.36,143.909,145.257,478473
growth,697,2023-03-02,145.257,145.568,144.772,144.926,423555
growth,698,2023-03-03,144.926,145.043,144.29,144.357,387663
growth,699,2023-03-06,144.393,145.382,144.11,145.09,384952
growth,700,2023-03-07,145.09,145.441,144.559,144.661,427667
growth,701,2023-03-08,144.661,145.234,144.233,144.759,418708
growth,702,2023-03-09,144.759,144.826,143.616,144.041,364342
growth,703,2023-03-10,144.041,145.103,143.349,143.667,699847
growth,704,2023-03-13,143.712,144.385,141.366,142.902,938362
growth,705,2023-03-14,142.902,144.411,142.531,144.025,676362
growth,706,2023-03-15,144.025,144.962,139.48,140.993,1042648
growth,707,2023-03-16,140.993,142.004,139.116,141.846,824030
growth,708,2023-03-17,141.846,142.214,140.158,140.552,646236
growth,709,2023-03-20,141.187,141.746,138.821,140.766,773116
growth,710,2023-03-21,140.766,142.787,140.418,142.624,477871
growth,711,2023-03-22,142.624,143.628,142.303,142.615,556458
growth,712,2023-03-23,142.615,143.201,141.161,141.691,621105
growth,713,2023-03-24,141.691,141.848,139.067,140.564,670772
growth,714,2023-03-27,140.625,142.22,140.529,142.01,435783
growth,715,2023-03-28,142.01,142.151,141.043,141.944,420850
growth,716,2023-03-29,141.944,144.096,141.785,144.052,424303
growth,717,2023-03-30,144.052,145.083,143.131,144.637,410067
growth,718,2023-03-31,144.637,145.671,143.881,143.994,486496
growth,719,2023-04-03,144.541,144.94,143.62,144.329,464339
growth,720,2023-04-04,144.329,145.435,143.959,144.227,414458
growth,721,2023-04-05,144.227,144.442,142.675,143.086,433059
growth,722,2023-04-06,143.086,144.001,142.546,143.857,344738
growth,723,2023-04-07,143.857,144.213,143.545,144.014,368461
growth,724,2023-04-10,144.014,145.152,143.797,145.01,352236
growth,725,2023-04-11,145.01,145.964,144.872,145.86,339747
growth,726,2023-04-12,145.86,146.667,145.732,146.298,398664
growth,727,2023-04-13,146.298,146.882,146.073,146.422,361347
growth,728,2023-04-14,146.422,147.155,146.242,147.009,388953
growth,729,2023-04-17,147.015,147.456,146.663,146.851,333567
growth,730,2023-04-18,146.851,147.381,146.719,147.1,335320
growth,731,2023-04-19,147.1,147.862,147.037,147.548,333653
growth,732,2023-04-20,147.548,147.832,147.021,147.196,367683
growth,733,2023-04-21,147.196,147.563,146.402,147.353,364260
growth,734,2023-04-24,147.263,148.47,147.119,148.249,307083
growth,735,2023-04-25,148.249,148.63,146.286,146.708,379938
growth,736,2023-04-26,146.708,147.913,146.455,147.558,475668
growth,737,2023-04-27,147.558,147.992,147.138,147.608,426538
growth,738,2023-04-28,147.608,150.431,146.809,150.071,646389
growth,739,2023-05-01,150.288,150.965,150.021,150.904,351057
growth,740,2023-05-02,150.904,151.613,149.829,150.113,454607
growth,741,2023-05-03,150.113,150.393,148.995,148.999,544685
growth,742,2023-05-04,148.999,149.202,147.122,147.815,656326
growth,743,2023-05-05,147.815,148.702,147.681,148.499,410533
growth,744,2023-05-08,148.499,149.266,148.453,148.673,322668
growth,745,2023-05-09,148.673,148.692,147.884,148.207,371030
growth,746,2023-05-10,148.207,148.668,147.038,147.542,445627
growth,747,2023-05-11,147.542,147.595,146.13,146.857,476125
growth,748,2023-05-12,146.857,147.469,146.662,147.269,393333
growth,749,2023-05-15,147.351,148.177,147.188,147.995,354946
growth,750,2023-05-16,147.995,148.499,147.607,148.13,372527
growth,751,2023-05-17,148.13,149.239,148.059,149.153,372744
growth,752,2023-05-18,149.153,149.451,148.775,149.368,373516
growth,753,2023-05-19,149.368,149.799,148.711,149.031,452730
growth,754,2023-05-22,149.082,149.923,148.833,149.823,368095
growth,755,2023-05-23,149.823,150.054,149.102,149.221,428297
growth,756,2023-05-24,149.221,149.94,148.84,149.907,454714
growth,757,2023-05-25,149.907,150.314,149.275,150.074,444208
growth,758,2023-05-26,150.074,150.932,149.797,150.767,386471
growth,759,2023-05-29,150.671,151.07,150.093,150.342,201384
growth,760,2023-05-30,150.342,150.626,149.732,150.034,417107
growth,761,2023-05-31,150.034,150.103,148.589,148.92,436737
growth,762,2023-06-01,148.92,149.679,148.62,149.357,392755
growth,763,2023-06-02,149.357,149.963,149.245,149.816,351935
growth,764,2023-06-05,149.857,150.197,149.219,149.511,315370
growth,765,2023-06-06,149.511,149.695,148.823,149.271,319558
growth,766,2023-06-07,149.271,150.019,148.628,149.833,328306
growth,767,2023-06-08,149.833,150.042,149.588,149.759,329983
growth,768,2023-06-09,149.759,150.44,149.635,149.726,315528
growth,769,2023-06-12,149.726,150.348,149.659,150.148,296052
growth,770,2023-06-13,150.148,151.375,150.031,151.311,367204
growth,771,2023-06-14,151.311,151.78,150.92,151.607,371778
growth,772,2023-06-15,151.607,153.686,151.532,153.515,436260
growth,773,2023-06-16,153.515,155.261,153.09,155.187,430382
growth,774,2023-06-19,155.187,155.326,154.647,155.022,250920
growth,775,2023-06-20,155.022,155.381,154.045,154.408,370952
growth,776,2023-06-21,154.408,155.91,154.297,155.857,397650
growth,777,2023-06-22,155.857,156.93,155.609,156.754,377744
growth,778,2023-06-23,156.754,156.826,155.053,156.504,436624
growth,779,2023-06-26,156.497,156.721,155.747,156.476,368179
growth,780,2023-06-27,156.476,157.937,156.388,157.891,363372
growth,781,2023-06-28,157.891,157.998,157.226,157.645,378255
growth,782,2023-06-29,157.645,157.919,157.195,157.195,399128
growth,783,2023-06-30,157.195,157.882,156.676,157.397,367542
growth,784,2023-07-03,157.397,157.955,157.258,157.865,330669
growth,785,2023-07-04,157.865,157.909,157.114,157.129,205884
growth,786,2023-07-05,157.129,157.72,156.784,156.986,322532
growth,787,2023-07-06,156.986,157.153,155.84,156.837,424796
growth,788,2023-07-07,156.837,156.932,155.382,155.81,429721
growth,789,2023-07-10,155.81,156.675,155.325,155.452,347724
growth,790,2023-07-11,155.452,155.67,154.178,154.475,364746
growth,791,2023-07-12,154.475,154.505,153.324,154.119,418534
growth,792,2023-07-13,154.119,155.127,153.879,154.96,396949
growth,793,2023-07-14,154.96,156.133,154.167,155.825,415347
growth,794,2023-07-17,155.825,156.339,155.097,155.853,321805
growth,795,2023-07-18,155.853,156.143,154.874,155.838,404250
growth,796,2023-07-19,155.838,157.204,155.772,156.45,407639
growth,797,2023-07-20,156.45,156.62,155.835,155.835,400181
growth,798,2023-07-21,155.835,158.048,155.584,157.759,426280
growth,799,2023-07-24,157.759,157.783,156.237,156.431,416835
growth,800,2023-07-25,156.431,156.89,155.607,155.669,343203
growth,801,2023-07-26,155.669,155.988,155.144,155.399,428642
growth,802,2023-07-27,155.399,156.235,152.186,153.033,599404
growth,803,2023-07-28,153.033,155.606,151.401,155.432,806495
growth,804,2023-07-31,155.432,157.283,155.108,156.399,490140
growth,805,2023-08-01,156.399,157.49,156.352,157.408,420411
growth,806,2023-08-02,157.408,157.5,156.249,156.681,532145
growth,807,2023-08-03,156.681,157.234,155.534,156.0,572764
growth,808,2023-08-04,156.0,156.626,155.898,156.001,484247
growth,809,2023-08-07,156.001,156.852,155.796,156.694,358562
growth,810,2023-08-08,156.694,157.745,156.342,157.034,457796
growth,811,2023-08-09,157.034,157.897,156.911,157.682,388071
growth,812,2023-08-10,157.682,159.206,157.623,158.957,460952
growth,813,2023-08-11,158.957,159.218,158.495,158.572,379887
growth,814,2023-08-14,158.719,158.829,158.187,158.715,415118
growth,815,2023-08-15,158.715,159.335,158.532,158.713,440587
growth,816,2023-08-16,158.713,159.257,158.628,159.188,402955
growth,817,2023-08-17,159.188,159.296,158.25,158.542,430858
growth,818,2023-08-18,158.542,158.583,157.655,157.99,428709
growth,819,2023-08-21,157.778,159.395,157.778,159.294,340900
growth,820,2023-08-22,159.294,159.49,158.087,158.179,341945
growth,821,2023-08-23,158.179,158.371,156.868,157.324,404119
growth,822,2023-08-24,157.324,158.047,157.108,157.569,367592
growth,823,2023-08-25,157.569,158.248,157.231,158.051,410151
growth,824,2023-08-28,158.045,158.564,157.969,158.518,292387
growth,825,2023-08-29,158.518,159.059,158.242,158.684,390932
growth,826,2023-08-30,158.684,159.764,158.544,159.738,416730
growth,827,2023-08-31,159.738,159.738,157.616,157.766,406519
growth,828,2023-09-01,157.766,157.963,157.051,157.569,400003
growth,829,2023-09-04,157.355,158.247,157.328,158.123,226004
growth,830,2023-09-05,158.123,158.501,157.801,158.355,371726
growth,831,2023-09-06,158.355,158.464,157.765,158.352,377710
growth,832,2023-09-07,158.352,158.521,157.36,157.53,349407
growth,833,2023-09-08,157.53,158.39,157.002,158.057,382218
growth,834,2023-09-11,157.454,157.729,156.579,157.551,458354
growth,835,2023-09-12,157.551,158.29,157.18,158.188,336453
growth,836,2023-09-13,158.188,158.653,158.002,158.159,399609
growth,837,2023-09-14,158.159,158.407,156.638,156.946,421385
growth,838,2023-09-15,156.946,157.898,156.721,157.531,365339
growth,839,2023-09-18,157.467,157.938,157.345,157.786,271900
growth,840,2023-09-19,157.786,158.277,157.69,157.856,297420
growth,841,2023-09-20,157.856,158.45,157.762,158.084,379293
growth,842,2023-09-21,158.084,158.123,157.033,157.311,415827
growth,843,2023-09-22,157.311,158.282,157.116,157.898,395014
growth,844,2023-09-25,157.898,158.176,157.485,157.661,309768
growth,845,2023-09-26,157.661,157.924,157.317,157.552,360196
growth,846,2023-09-27,157.552,157.616,156.955,157.12,352603
growth,847,2023-09-28,157.12,157.87,156.706,157.72,437213
growth,848,2023-09-29,157.72,158.337,157.389,157.848,439161
growth,849,2023-10-02,158.067,158.477,156.998,156.999,392073
growth,850,2023-10-03,156.999,157.213,154.341,155.925,489457
growth,851,2023-10-04,155.925,156.769,155.826,156.621,460971
growth,852,2023-10-05,156.621,156.79,156.089,156.595,460213
growth,853,2023-10-06,156.595,158.263,156.495,157.951,506795
growth,854,2023-10-09,157.123,157.702,156.511,156.883,387820
growth,855,2023-10-10,156.883,157.976,156.762,157.7,450309
growth,856,2023-10-11,157.7,158.468,157.518,158.357,422598
growth,857,2023-10-12,158.357,158.61,157.644,157.644,411861
growth,858,2023-10-13,157.644,158.045,157.045,157.086,408870
growth,859,2023-10-16,157.01,157.983,156.988,157.81,335963
growth,860,2023-10-17,157.81,158.62,157.086,158.438,381194
growth,861,2023-10-18,158.438,158.542,157.682,157.963,366816
growth,862,2023-10-19,157.963,158.922,157.68,158.429,408075
growth,863,2023-10-20,158.429,158.929,158.305,158.735,315150
growth,864,2023-10-23,158.782,159.777,158.504,159.729,285173
growth,865,2023-10-24,159.729,159.916,158.534,158.713,326151
growth,866,2023-10-25,158.713,158.938,158.404,158.686,288053
growth,867,2023-10-26,158.686,158.904,157.999,158.813,350160
growth,868,2023-10-27,158.813,158.882,157.882,158.058,320823
growth,869,2023-10-30,158.083,158.924,157.691,158.209,298498
growth,870,2023-10-31,158.209,160.847,158.098,160.295,407882
growth,871,2023-11-01,160.295,160.429,159.062,159.511,407021
growth,872,2023-11-02,159.511,160.083,159.067,159.789,327400
growth,873,2023-11-03,159.789,160.403,159.593,160.159,329723
growth,874,2023-11-06,160.11,160.982,160.11,160.755,242459
growth,875,2023-11-07,160.755,161.029,160.428,160.784,260327
growth,876,2023-11-08,160.784,161.731,160.697,161.647,277009
growth,877,2023-11-09,161.647,161.798,161.361,161.387,329726
growth,878,2023-11-10,161.387,161.946,161.338,161.867,273934
growth,879,2023-11-13,161.804,162.365,161.533,162.291,242734
growth,880,2023-11-14,162.291,163.814,162.203,163.581,313821
growth,881,2023-11-15,163.581,164.211,163.068,164.165,329406
growth,882,2023-11-16,164.165,164.308,163.255,163.547,297412
growth,883,2023-11-17,163.547,163.607,162.152,163.218,318008
growth,884,2023-11-20,163.218,163.562,161.778,162.23,344526
growth,885,2023-11-21,162.23,162.427,161.245,161.839,354872
growth,886,2023-11-22,161.839,162.939,161.591,162.787,341801
growth,887,2023-11-23,162.787,163.192,162.437,163.044,195242
growth,888,2023-11-24,163.044,163.65,162.722,163.407,237218
growth,889,2023-11-27,163.498,163.719,162.536,162.847,327632
growth,890,2023-11-28,162.847,162.928,161.924,162.003,378689
growth,891,2023-11-29,162.003,162.252,161.458,161.458,424209
growth,892,2023-11-30,161.458,161.942,160.592,161.337,424351
growth,893,2023-12-01,161.337,161.774,159.645,159.704,440706
growth,894,2023-12-04,159.517,159.843,158.709,159.469,434094
growth,895,2023-12-05,159.469,159.722,158.577,158.843,412859
growth,896,2023-12-06,158.843,159.123,158.379,158.538,350261
growth,897,2023-12-07,158.538,158.583,153.115,155.555,577776
growth,898,2023-12-08,155.555,156.09,153.861,155.944,688559
growth,899,2023-12-11,155.926,157.68,155.861,157.285,417669
growth,900,2023-12-12,157.285,157.348,156.494,156.971,407305
growth,901,2023-12-13,156.971,157.48,155.341,155.352,512472
growth,902,2023-12-14,155.352,156.062,153.854,155.927,734014
growth,903,2023-12-15,155.927,156.49,154.4,154.826,549271
growth,904,2023-12-18,154.821,156.307,154.745,155.925,353469
growth,905,2023-12-19,155.925,158.568,155.38,157.935,515357
growth,906,2023-12-20,157.935,158.127,156.785,157.09,434646
growth,907,2023-12-21,157.09,157.118,156.132,156.449,457824
growth,908,2023-12-22,156.449,156.989,156.124,156.807,418490
growth,909,2023-12-25,156.807,156.874,156.654,156.655,28
growth,910,2023-12-26,156.655,157.368,156.655,157.23,153235
growth,911,2023-12-27,157.23,158.387,157.147,157.499,303270
growth,912,2023-12-28,157.499,157.499,155.836,156.331,384702
growth,913,2023-12-29,156.331,156.947,155.592,155.619,350564
growth,914,2024-01-01,155.89934,155.89999,155.59,155.89934,0
growth,915,2024-01-02,155.619,156.339,155.067,155.296,306635
growth,916,2024-01-03,155.296,156.786,155.207,156.491,400448
growth,917,2024-01-04,156.491,158.59,156.069,158.295,373105
growth,918,2024-01-05,158.295,158.995,158.046,158.202,422221
growth,919,2024-01-08,158.202,158.486,157.682,157.931,354482
growth,920,2024-01-09,157.931,157.998,157.199,157.922,349790
growth,921,2024-01-10,157.922,159.952,157.764,159.935,327228
growth,922,2024-01-11,159.935,160.179,159.313,159.314,432956
growth,923,2024-01-12,159.314,159.571,158.541,158.611,402712
growth,924,2024-01-15,158.611,159.834,158.578,159.609,245227
growth,925,2024-01-16,159.609,160.145,159.237,160.059,405158
growth,926,2024-01-17,160.059,161.296,159.953,161.234,422769
growth,927,2024-01-18,161.234,161.386,160.643,161.137,401150
growth,928,2024-01-19,161.137,161.869,160.809,161.386,364332
growth,929,2024-01-22,161.386,161.562,160.754,161.166,332587
growth,930,2024-01-23,161.166,161.707,160.423,161.018,432396
growth,931,2024-01-24,161.018,161.072,159.977,160.554,424964
growth,932,2024-01-25,160.554,160.971,159.694,160.152,433044
growth,933,2024-01-26,160.152,160.929,159.827,160.734,360119
growth,934,2024-01-29,160.572,160.838,159.418,159.742,316108
growth,935,2024-01-30,159.742,160.34,159.215,160.079,353846
growth,936,2024-01-31,160.079,160.269,158.481,158.963,627378
growth,937,2024-02-01,158.963,159.207,158.079,159.124,506071
growth,938,2024-02-02,159.124,160.26,159.043,160.031,409729
growth,939,2024-02-05,160.039,160.274,159.366,159.712,372046
growth,940,2024-02-06,159.712,159.87,158.961,159.098,360477
growth,941,2024-02-07,159.098,159.733,158.902,159.616,379967
growth,942,2024-02-08,159.616,160.994,159.439,160.929,372633
growth,943,2024-02-09,160.929,161.264,160.771,160.929,350980
growth,944,2024-02-12,160.929,161.099,160.38,160.873,301504
growth,945,2024-02-13,160.873,161.634,160.777,161.413,399912
growth,946,2024-02-14,161.413,161.586,160.954,161.501,343329
growth,947,2024-02-15,161.501,161.647,160.915,161.509,352810
growth,948,2024-02-16,161.509,161.953,161.408,161.801,331161
growth,949,2024-02-19,161.801,161.925,161.474,161.782,218278
growth,950,2024-02-20,161.782,162.364,161.724,162.114,322618
growth,951,2024-02-21,162.114,162.627,161.943,162.617,303714
growth,952,2024-02-22,162.617,163.461,162.515,162.914,347472
growth,953,2024-02-23,162.914,163.208,162.685,162.848,286899
growth,954,2024-02-26,162.802,163.72,162.562,163.525,282989
growth,955,2024-02-27,163.525,163.525,162.891,163.21,275751
growth,956,2024-02-28,163.21,163.409,162.753,163.32,293184
growth,957,2024-02-29,163.32,163.325,161.681,162.051,390428
growth,958,2024-03-01,162.051,163.007,161.958,162.72,361371
growth,959,2024-03-04,162.562,163.523,162.533,163.41,263878
growth,960,2024-03-05,163.41,163.415,162.606,162.901,327045
growth,961,2024-03-06,162.901,162.961,162.212,162.788,361811
growth,962,2024-03-07,162.788,162.817,160.553,162.08,448127
growth,963,2024-03-08,162.08,162.172,160.613,160.767,463552
growth,964,2024-03-11,160.925,160.93,160.211,160.548,323968
growth,965,2024-03-12,160.548,161.584,160.276,161.316,391766
growth,966,2024-03-13,161.316,161.951,160.897,161.761,308404
growth,967,2024-03-14,161.761,161.91,161.102,161.415,344464
growth,968,2024-03-15,161.415,162.405,161.065,162.259,321020
growth,969,2024-03-18,162.136,162.684,161.948,162.169,257403
growth,970,2024-03-19,162.169,163.997,162.023,163.924,387381
growth,971,2024-03-20,163.924,165.355,163.788,165.2,373427
growth,972,2024-03-21,165.2,165.339,164.343,164.65,411054
growth,973,2024-03-22,164.65,164.819,163.479,163.653,344583
growth,974,2024-03-25,163.653,164.209,163.312,164.089,272131
growth,975,2024-03-26,164.089,164.407,163.958,164.157,291547
growth,976,2024-03-27,164.157,164.415,163.436,163.745,321878
growth,977,2024-03-28,163.745,163.868,163.132,163.221,328672
growth,978,2024-03-29,163.221,163.443,162.93,163.303,344237
growth,979,2024-04-01,163.303,163.427,162.79,162.881,228195
growth,980,2024-04-02,162.881,163.335,162.606,163.156,299351
growth,981,2024-04-03,163.156,164.388,163.066,164.376,288287
growth,982,2024-04-04,164.376,164.916,163.792,164.0,269763
growth,983,2024-04-05,164.0,164.438,163.481,164.234,356748
growth,984,2024-04-08,164.234,164.905,164.191,164.776,257895
growth,985,2024-04-09,164.776,165.174,164.543,164.678,249455
growth,986,2024-04-10,164.678,164.991,163.877,164.526,373866
growth,987,2024-04-11,164.526,164.698,163.939,164.39,382502
growth,988,2024-04-12,164.39,164.399,162.272,162.964,354059
growth,989,2024-04-15,162.748,164.438,162.646,163.896,394692
growth,990,2024-04-16,163.896,164.678,163.675,164.275,400557
growth,991,2024-04-17,164.275,164.811,163.924,164.767,344082
growth,992,2024-04-18,164.767,164.953,164.351,164.583,310355
growth,993,2024-04-19,164.583,165.023,163.017,164.72,463190
growth,994,2024-04-22,164.72,165.101,164.4,164.972,253920
growth,995,2024-04-23,164.972,165.74,164.625,165.685,292663
growth,996,2024-04-24,165.685,166.224,165.382,166.196,260317
growth,997,2024-04-25,166.196,167.088,165.935,167.018,333797
growth,998,2024-04-26,167.018,169.391,166.459,169.23,424481
growth,999,2024-04-29,168.919,171.588,165.634,167.546,849760
growth,1000,2024-04-30,167.546,168.602,167.207,168.201,444126
growth,1001,2024-05-01,168.201,168.667,164.036,165.492,492138
growth,1002,2024-05-02,165.492,167.385,164.223,164.754,561449
growth,1003,2024-05-03,164.754,164.916,164.011,164.621,497289
growth,1004,2024-05-06,164.621,165.986,164.409,165.717,306756
growth,1005,2024-05-07,165.717,166.571,165.636,166.355,343090
growth,1006,2024-05-08,166.355,167.346,166.185,167.126,289908
growth,1007,2024-05-09,167.126,167.749,166.73,167.559,303611
growth,1008,2024-05-10,167.559,167.964,167.417,167.745,279455
growth,1009,2024-05-13,167.707,168.658,167.493,168.537,257806
growth,1010,2024-05-14,168.537,169.359,168.42,169.216,278153
growth,1011,2024-05-15,169.216,169.399,168.024,168.556,387782
growth,1012,2024-05-16,168.556,168.908,167.329,168.852,407947
growth,1013,2024-05-17,168.852,169.325,168.77,169.169,290641
growth,1014,2024-05-20,169.08,169.784,168.984,169.632,255257
growth,1015,2024-05-21,169.632,169.941,169.217,169.476,296750
growth,1016,2024-05-22,169.476,169.928,169.378,169.679,284498
growth,1017,2024-05-23,169.679,170.322,169.288,169.688,351326
growth,1018,2024-05-24,169.688,170.496,169.621,170.257,270685
growth,1019,2024-05-27,170.319,170.5,169.966,170.275,180986
growth,1020,2024-05-28,170.275,170.798,170.197,170.616,285653
growth,1021,2024-05-29,170.616,170.797,170.167,170.254,316973
growth,1022,2024-05-30,170.254,170.331,169.064,169.833,362167
growth,1023,2024-05-31,169.833,170.744,169.443,170.575,404438
growth,1024,2024-06-03,170.654,170.89,169.716,170.154,355420
growth,1025,2024-06-04,170.154,170.722,167.973,168.45,459675
growth,1026,2024-06-05,168.45,170.014,168.39,169.652,383003
growth,1027,2024-06-06,169.652,170.286,169.208,169.429,372432
growth,1028,2024-06-07,169.429,169.971,168.936,169.266,409814
growth,1029,2024-06-10,169.019,169.217,168.299,169.02,336698
growth,1030,2024-06-11,169.02,169.421,168.294,168.754,334092
growth,1031,2024-06-12,168.754,169.588,168.628,169.367,464006
growth,1032,2024-06-13,169.367,170.137,168.28,168.564,386064
growth,1033,2024-06-14,168.564,169.8,167.516,168.43,529666
growth,1034,2024-06-17,168.41,169.335,167.955,169.293,347581
growth,1035,2024-06-18,169.293,169.911,168.962,169.511,334631
growth,1036,2024-06-19,169.511,169.901,169.128,169.756,201581
growth,1037,2024-06-20,169.756,170.318,169.491,170.061,300218
growth,1038,2024-06-21,170.061,170.902,169.323,170.841,326322
growth,1039,2024-06-24,170.675,171.447,170.238,171.259,338194
growth,1040,2024-06-25,171.259,171.394,170.704,171.063,331398
growth,1041,2024-06-26,171.063,171.794,170.85,171.726,381307
growth,1042,2024-06-27,171.726,172.163,171.38,172.046,364810
growth,1043,2024-06-28,172.046,172.446,171.451,172.323,459205
growth,1044,2024-07-01,172.532,173.674,172.532,173.386,422108
growth,1045,2024-07-02,173.386,173.599,173.084,173.445,329517
growth,1046,2024-07-03,173.445,174.516,173.395,174.337,351077
growth,1047,2024-07-04,174.337,174.433,173.798,174.309,250028
growth,1048,2024-07-05,174.309,174.5,173.713,174.228,434815
growth,1049,2024-07-08,173.591,174.631,173.51,174.046,377473
growth,1050,2024-07-09,174.046,174.591,173.989,174.405,313977
growth,1051,2024-07-10,174.405,175.158,174.318,175.083,259930
growth,1052,2024-07-11,175.083,175.426,171.546,172.577,552352
growth,1053,2024-07-12,172.577,173.43,171.448,172.175,682912
growth,1054,2024-07-15,172.075,172.561,171.545,172.173,391862
growth,1055,2024-07-16,172.173,172.92,172.105,172.559,344262
growth,1056,2024-07-17,172.559,172.834,170.69,170.828,530613
growth,1057,2024-07-18,170.828,171.572,169.982,171.475,542309
growth,1058,2024-07-19,171.475,171.875,170.909,171.24,434325
growth,1059,2024-07-22,171.31,171.661,170.056,171.006,460331
growth,1060,2024-07-23,171.006,171.09,168.794,168.834,453929
growth,1061,2024-07-24,168.834,169.204,166.139,166.781,598157
growth,1062,2024-07-25,166.781,167.589,164.824,166.935,783380
growth,1063,2024-07-26,166.935,168.015,166.346,166.875,619793
growth,1064,2024-07-29,166.952,167.519,166.228,166.655,655852
growth,1065,2024-07-30,166.655,167.957,165.072,165.148,677493
growth,1066,2024-07-31,165.148,166.524,162.01,162.333,1156656
growth,1067,2024-08-01,162.333,162.886,160.88,161.167,1147831
growth,1068,2024-08-02,161.167,161.598,159.691,159.796,1160641
growth,1069,2024-08-05,159.796,159.945,154.393,157.865,1769457
growth,1070,2024-08-06,157.865,160.226,157.291,157.736,1539253
growth,1071,2024-08-07,157.736,161.438,157.614,160.175,1262479
growth,1072,2024-08-08,160.175,160.889,158.952,160.716,1356262
growth,1073,2024-08-09,160.716,161.379,159.805,159.999,1022142
growth,1074,2024-08-12,159.791,161.954,159.791,160.903,702498
growth,1075,2024-08-13,160.903,161.8,160.636,161.405,710883
growth,1076,2024-08-14,161.405,162.589,160.582,162.238,731066
growth,1077,2024-08-15,162.238,163.89,161.94,163.779,1251488
growth,1078,2024-08-16,163.779,163.837,162.292,162.748,556170
growth,1079,2024-08-19,162.699,163.212,160.417,162.461,756227
growth,1080,2024-08-20,162.461,163.194,161.537,161.669,768218
growth,1081,2024-08-21,161.669,163.037,161.34,161.87,883175
growth,1082,2024-08-22,161.87,162.911,161.472,162.55,1253758
growth,1083,2024-08-23,162.55,162.711,161.205,161.553,765995
growth,1084,2024-08-26,161.314,161.485,160.502,161.295,654493
growth,1085,2024-08-27,161.295,162.174,160.874,160.986,563814
growth,1086,2024-08-28,160.986,161.372,160.449,160.766,555788
growth,1087,2024-08-29,160.766,161.267,160.024,160.583,1315604
growth,1088,2024-08-30,160.583,161.634,160.187,161.44,572048
growth,1089,2024-09-02,161.431,162.893,161.021,162.586,410413
growth,1090,2024-09-03,162.586,162.801,160.496,160.638,659978
growth,1091,2024-09-04,160.638,160.894,159.236,159.276,757318
growth,1092,2024-09-05,159.276,159.791,158.55,159.35,1433496
growth,1093,2024-09-06,159.35,159.562,157.46,157.706,1021861
growth,1094,2024-09-09,157.6,158.732,157.386,157.969,667455
growth,1095,2024-09-10,157.969,158.643,156.789,156.947,597943
growth,1096,2024-09-11,156.947,157.014,155.457,156.762,955355
growth,1097,2024-09-12,156.762,157.513,156.527,157.037,1749264
growth,1098,2024-09-13,157.037,157.095,155.611,155.905,828168
growth,1099,2024-09-16,155.843,156.669,155.14,156.528,659580
growth,1100,2024-09-17,156.52,158.32,156.038,158.247,705725
growth,1101,2024-09-18,158.247,158.364,157.034,158.167,898651
growth,1102,2024-09-19,158.167,159.959,157.766,159.181,2005110
growth,1103,2024-09-20,159.181,161.151,158.409,160.544,917234
growth,1104,2024-09-23,160.637,161.18,159.034,159.542,728552
growth,1105,2024-09-24,159.542,161.099,159.226,160.089,726321
growth,1106,2024-09-25,160.089,161.661,159.849,161.132,721822
growth,1107,2024-09-26,161.132,161.91,160.736,161.83,1555246
growth,1108,2024-09-27,161.83,163.483,158.553,158.705,1058370
growth,1109,2024-09-30,158.519,160.12,158.089,159.915,800445
growth,1110,2024-10-01,159.915,160.898,158.357,158.852,901168
growth,1111,2024-10-02,158.852,161.871,158.693,161.743,700911
growth,1112,2024-10-03,161.743,162.486,161.358,162.046,1497306
growth,1113,2024-10-04,162.046,163.363,160.997,163.087,722723
growth,1114,2024-10-07,162.913,163.563,162.281,162.55,678340
growth,1115,2024-10-08,162.55,162.81,161.893,162.619,697507
growth,1116,2024-10-09,162.619,163.455,162.379,163.295,552673
growth,1117,2024-10-10,163.295,163.599,162.166,162.404,1465300
growth,1118,2024-10-11,162.404,163.402,162.295,163.05,505622
growth,1119,2024-10-14,163.05,163.594,162.886,163.337,350107
growth,1120,2024-10-15,163.337,163.424,162.332,162.465,487959
growth,1121,2024-10-16,162.465,162.877,162.089,162.516,450230
growth,1122,2024-10-17,162.516,162.755,161.837,162.671,1003692
growth,1123,2024-10-18,162.671,162.846,162.171,162.443,447494
growth,1124,2024-10-21,162.443,163.145,161.988,163.114,435273
growth,1125,2024-10-22,163.114,163.659,162.767,163.109,503730
growth,1126,2024-10-23,163.109,165.009,162.988,164.667,501641
growth,1127,2024-10-24,164.667,164.754,163.784,164.372,1187872
growth,1128,2024-10-25,164.372,164.783,163.922,164.345,488967
growth,1129,2024-10-28,165.378,166.065,164.692,165.717,487233
growth,1130,2024-10-29,165.717,166.068,165.147,165.88,538578
growth,1131,2024-10-30,165.88,166.588,165.496,166.517,542923
growth,1132,2024-10-31,166.517,166.682,164.927,165.45,646204
growth,1133,2024-11-01,165.45,166.106,165.217,165.659,1195470
growth,1134,2024-11-04,165.586,165.932,165.203,165.437,519374
growth,1135,2024-11-05,165.437,166.028,165.342,165.64,396566
growth,1136,2024-11-06,165.64,166.09,164.908,165.855,1273821
growth,1137,2024-11-07,165.855,165.952,164.995,165.199,1443102
growth,1138,2024-11-08,165.199,165.417,163.202,163.574,622767
growth,1139,2024-11-11,163.397,164.644,163.397,163.682,433075
growth,1140,2024-11-12,163.682,164.318,163.228,164.198,529471
growth,1141,2024-11-13,164.198,164.791,163.625,164.188,648316
growth,1142,2024-11-14,164.188,164.972,163.79,164.51,1318582
growth,1143,2024-11-15,164.51,165.028,162.311,162.598,762288
growth,1144,2024-11-18,162.598,163.97,162.252,163.895,612156
growth,1145,2024-11-19,163.895,163.919,161.476,163.818,712139
growth,1146,2024-11-20,163.818,164.749,163.149,163.818,550818
growth,1147,2024-11-21,163.818,163.829,161.732,161.846,1365728
growth,1148,2024-11-22,161.846,162.481,159.868,161.198,739477
growth,1149,2024-11-25,161.484,162.107,160.982,161.792,689224
growth,1150,2024-11-26,161.792,162.002,160.292,160.484,749895
growth,1151,2024-11-27,160.484,160.702,159.083,159.613,699117
growth,1152,2024-11-28,159.613,160.33,159.422,159.889,804292
growth,1153,2024-11-29,159.889,159.926,158.023,158.218,862912
growth,1154,2024-12-02,158.014,158.634,156.367,157.002,690433
growth,1155,2024-12-03,157.002,157.975,156.166,157.151,535490
growth,1156,2024-12-04,157.151,158.648,156.974,158.209,615494
growth,1157,2024-12-05,158.209,159.38,157.551,158.845,1002474
growth,1158,2024-12-06,158.845,159.566,158.083,158.47,564044
growth,1159,2024-12-09,158.47,159.988,157.854,159.475,443173
growth,1160,2024-12-10,159.475,160.058,159.361,159.933,480698
growth,1161,2024-12-11,159.933,160.678,158.626,159.939,570131
growth,1162,2024-12-12,159.939,160.537,159.097,159.703,1136956
growth,1163,2024-12-13,159.703,161.545,159.621,161.296,495461
growth,1164,2024-12-16,161.061,162.198,161.057,161.946,437845
growth,1165,2024-12-17,161.946,162.464,160.762,160.876,485266
growth,1166,2024-12-18,160.876,161.549,159.79,160.253,587345
growth,1167,2024-12-19,160.253,163.795,159.845,163.079,1488962
growth,1168,2024-12-20,163.079,163.654,162.327,163.042,770665
growth,1169,2024-12-23,163.042,163.61,162.836,163.456,449535
growth,1170,2024-12-24,163.456,163.615,163.012,163.371,318467
growth,1171,2024-12-25,163.435,164.16837,163.37,163.37,5149
growth,1172,2024-12-26,163.371,164.751,163.371,164.59,475104
growth,1173,2024-12-27,164.59,164.816,164.012,164.511,420967
growth,1174,2024-12-30,164.511,164.893,162.799,163.201,487227
growth,1175,2024-12-31,163.201,163.427,162.441,162.918,491146
growth,1176,2025-01-01,162.93401,162.94,162.741,162.90601,0
growth,1177,2025-01-02,162.918,162.933,160.879,161.658,1249116
growth,1178,2025-01-03,161.658,162.201,161.379,162.065,471163
growth,1179,2025-01-06,162.065,164.012,161.9,163.649,712478
growth,1180,2025-01-07,163.649,164.54,163.201,163.385,564356
growth,1181,2025-01-08,163.385,163.8,162.83,163.364,575777
growth,1182,2025-01-09,163.364,163.413,162.364,162.78,749648
growth,1183,2025-01-10,162.78,163.177,161.199,161.515,634054
growth,1184,2025-01-13,161.515,161.77,160.025,161.298,556117
growth,1185,2025-01-14,161.298,162.838,161.058,162.781,598000
growth,1186,2025-01-15,162.781,162.883,160.79,160.958,580631
growth,1187,2025-01-16,160.958,161.075,159.724,159.724,1241684
growth,1188,2025-01-17,159.724,161.004,159.695,160.455,538543
growth,1189,2025-01-20,160.455,162.303,160.304,162.005,601324
growth,1190,2025-01-21,162.005,162.216,160.943,162.097,696961
growth,1191,2025-01-22,162.097,163.207,161.853,162.848,486387
growth,1192,2025-01-23,162.848,163.118,162.18,162.512,1036686
growth,1193,2025-01-24,162.512,164.073,161.902,163.686,674586
growth,1194,2025-01-27,163.09,163.445,161.529,162.076,717525
growth,1195,2025-01-28,162.076,162.694,161.555,162.193,585031
growth,1196,2025-01-29,162.193,162.476,161.295,161.741,567382
growth,1197,2025-01-30,161.741,161.783,160.186,160.275,1170886
growth,1198,2025-01-31,160.275,161.495,159.884,160.702,759156
growth,1199,2025-02-03,158.347,160.128,157.956,160.02,1012380
growth,1200,2025-02-04,160.02,160.693,159.169,160.164,616285
growth,1201,2025-02-05,160.164,160.294,158.49,158.728,572516
growth,1202,2025-02-06,158.728,158.851,157.029,157.187,998392
growth,1203,2025-02-07,157.187,158.005,155.856,156.324,668109
growth,1204,2025-02-10,155.557,157.413,155.491,156.648,428137
growth,1205,2025-02-11,156.648,158.19,156.247,157.976,428269
growth,1206,2025-02-12,157.976,160.957,157.838,160.302,590887
growth,1207,2025-02-13,160.302,161.178,158.995,159.869,1315848
growth,1208,2025-02-14,159.869,160.252,159.42,159.746,515907
growth,1209,2025-02-17,159.456,159.819,158.522,158.812,371030
growth,1210,2025-02-18,158.812,159.188,158.36,158.825,460059
growth,1211,2025-02-19,158.825,159.118,157.705,157.854,452367
growth,1212,2025-02-20,157.854,157.863,156.305,157.131,1054778
growth,1213,2025-02-21,157.131,158.215,155.807,156.124,651953
growth,1214,2025-02-24,156.199,157.25,156.078,156.698,632703
growth,1215,2025-02-25,156.697,157.3,156.072,156.657,646593
growth,1216,2025-02-26,156.657,157.119,156.02,156.286,620458
growth,1217,2025-02-27,156.286,157.209,155.65,155.758,1384874
growth,1218,2025-02-28,155.758,157.153,154.786,156.24,830339
growth,1219,2025-03-03,156.741,158.46,155.91,156.761,866275
growth,1220,2025-03-04,156.761,159.201,155.583,159.155,1188227
growth,1221,2025-03-05,159.155,160.719,158.721,160.599,1167481
growth,1222,2025-03-06,160.599,161.268,159.094,159.522,2259274
growth,1223,2025-03-07,159.522,160.751,159.262,160.344,1080731
growth,1224,2025-03-10,160.344,160.367,158.879,159.533,944416
growth,1225,2025-03-11,159.533,161.777,158.961,161.337,1106066
growth,1226,2025-03-12,161.337,162.348,161.102,161.393,827025
growth,1227,2025-03-13,161.393,161.504,160.045,160.396,1478054
growth,1228,2025-03-14,160.396,162.319,160.272,161.653,654543
growth,1229,2025-03-17,161.753,163.041,161.527,162.953,534406
growth,1230,2025-03-18,162.953,164.179,162.818,163.361,534547
growth,1231,2025-03-19,163.361,163.875,162.062,162.105,572251
growth,1232,2025-03-20,162.105,162.314,160.727,161.41,1081218
growth,1233,2025-03-21,161.41,162.124,160.717,161.428,544218
growth,1234,2025-03-24,161.48,162.822,161.427,162.75,473980
growth,1235,2025-03-25,162.75,163.018,161.613,161.747,429944
growth,1236,2025-03-26,161.747,162.601,161.623,161.898,488274
growth,1237,2025-03-27,161.898,163.352,161.36,163.131,1114464
growth,1238,2025-03-28,163.131,163.163,162.059,162.192,555224
growth,1239,2025-03-29,162.91,163.162,162.073,162.91,0
growth,1240,2025-03-30,161.938,162.047,161.08099,161.938,0
growth,1241,2025-03-31,161.971,162.474,161.03,162.18,808337
growth,1242,2025-04-01,162.18,162.373,160.766,161.453,724182
growth,1243,2025-04-02,161.453,164.171,161.102,161.915,795889
growth,1244,2025-04-03,161.915,163.045,160.102,161.388,3171620
growth,1245,2025-04-04,161.388,161.994,159.007,161.053,2093915
growth,1246,2025-04-06,159.73,162.041,159.201,159.73,0
growth,1247,2025-04-07,158.495,162.365,158.155,161.188,2479433
growth,1248,2025-04-08,161.188,162.196,160.014,160.245,1484710
growth,1249,2025-04-09,160.245,162.19,159.425,161.678,1997204
growth,1250,2025-04-10,161.678,162.57,160.857,161.696,2952882
growth,1251,2025-04-11,161.696,163.131,161.29,162.956,1761932
growth,1252,2025-04-13,162.978,163.15601,162.12245,162.978,0
growth,1253,2025-04-14,162.905,163.265,162.068,162.279,1191265
growth,1254,2025-04-15,162.279,162.795,161.281,161.518,793123
growth,1255,2025-04-16,161.518,162.271,161.31,161.582,929292
growth,1256,2025-04-17,161.582,162.634,161.232,161.777,1606310
growth,1257,2025-04-18,161.777,162.144,161.668,161.868,836044
growth,1258,2025-04-20,161.864,162.00301,161.864,161.879,0
growth,1259,2025-04-21,161.801,162.662,161.511,162.119,663660
growth,1260,2025-04-22,162.119,162.31,160.967,161.654,757863
growth,1261,2025-04-23,161.654,162.456,161.142,162.233,999600
growth,1262,2025-04-24,162.233,162.488,161.823,162.346,1307650
growth,1263,2025-04-25,162.346,163.749,162.111,163.222,622134
growth,1264,2025-04-27,163.24,163.354,162.884,163.044,105114
growth,1265,2025-04-28,163.139,163.347,162.08,162.121,546704
growth,1266,2025-04-29,162.121,162.534,161.874,162.007,595946
growth,1267,2025-04-30,162.007,162.644,161.698,161.895,594339
growth,1268,2025-05-01,161.895,164.451,161.8,164.127,1066106
growth,1269,2025-05-02,164.127,164.629,163.44,163.791,701740
growth,1270,2025-05-03,164.008,164.634,163.452,163.84801,0
growth,1271,2025-05-04,163.416,163.891,163.396,163.475,99984
growth,1272,2025-05-05,163.534,163.889,162.56,162.565,506780
growth,1273,2025-05-06,162.565,162.944,161.584,161.873,535300
growth,1274,2025-05-07,161.873,163.009,161.873,162.477,687055
growth,1275,2025-05-08,162.477,163.899,162.402,163.753,1357176
growth,1276,2025-05-09,163.753,163.93,163.135,163.484,540011
growth,1277,2025-05-10,163.714,163.94,163.147,163.522,0
growth,1278,2025-05-11,163.499,164.0236274801281,163.499,163.743,130440
growth,1279,2025-05-12,163.542,164.913,163.542,164.544,778319
growth,1280,2025-05-13,164.544,165.204,164.116,164.932,546685
growth,1281,2025-05-14,164.932,165.156,163.725,163.895,599612
growth,1282,2025-05-15,163.895,164.059,162.736,162.915,1084700
growth,1283,2025-05-16,162.915,163.103,162.437,162.537,488443
growth,1284,2025-05-18,162.54201,163.381,162.15199,162.54201,184912
growth,1285,2025-05-19,162.426,163.378,162.135,162.683,663277
growth,1286,2025-05-20,162.683,163.274,162.403,163.018,518547
growth,1287,2025-05-21,163.018,163.296,162.611,162.702,604715
growth,1288,2025-05-22,162.702,163.401,161.779,162.419,1234580
growth,1289,2025-05-23,162.419,162.745,161.071,161.92,624455
growth,1290,2025-05-25,162.463,162.959,162.37601,162.463,140348
growth,1291,2025-05-26,161.909,162.972,161.854,162.567,349597
growth,1292,2025-05-27,162.567,163.939,162.079,163.467,521986
growth,1293,2025-05-28,163.467,163.903,163.067,163.5,544602
growth,1294,2025-05-29,163.5,164.255,163.33,163.826,1332496
growth,1295,2025-05-30,163.826,163.932,162.791,163.428,652192
growth,1296,2025-06-01,163.355,163.712,163.076,163.119,111073
growth,1297,2025-06-02,163.526,163.526,162.829,163.225,554111
growth,1298,2025-06-03,163.225,163.863,162.783,163.662,483158
growth,1299,2025-06-04,163.662,164.233,162.863,162.942,511711
growth,1300,2025-06-05,162.942,164.67,162.877,164.228,1238732
growth,1301,2025-06-06,164.228,165.277,164.138,165.018,563168
growth,1302,2025-06-07,164.26801,165.283,164.10001,165.05299,0
growth,1303,2025-06-08,165.182,165.192,164.86,164.892,69303
growth,1304,2025-06-09,165.018,165.2,164.542,165.063,362027
growth,1305,2025-06-10,165.063,165.627,164.612,165.491,479010
growth,1306,2025-06-11,165.491,166.416,165.37,166.036,538030
growth,1307,2025-06-12,166.036,166.729,165.487,166.167,1296158
growth,1308,2025-06-13,166.167,166.586,164.919,166.42,828095
growth,1309,2025-06-15,165.883,166.873,165.853,166.514,135031
growth,1310,2025-06-16,165.949,167.449,165.931,167.301,568904
growth,1311,2025-06-17,167.301,167.607,166.696,166.71,616389
growth,1312,2025-06-18,166.71,167.046,166.31,166.572,614198
growth,1313,2025-06-19,166.572,167.305,166.025,167.147,907522
growth,1314,2025-06-20,167.147,168.396,167.055,168.284,533545
growth,1315,2025-06-22,167.658,168.634,167.352,168.574,143539
growth,1316,2025-06-23,168.028,169.707,167.935,169.119,696287
growth,1317,2025-06-24,169.119,169.273,167.903,168.214,620916
growth,1318,2025-06-25,168.214,169.377,168.056,169.285,471235
growth,1319,2025-06-26,169.285,169.391,168.549,168.917,570790
growth,1320,2025-06-27,168.917,169.799,168.62,169.421,554640
