date,open,high,low,close,volume
2020-07-07,107.334,107.791,107.245,107.516,138748
2020-07-08,107.516,107.711,107.201,107.255,125405
2020-07-09,107.255,107.397,107.097,107.198,178025
2020-07-10,107.198,107.264,106.636,106.892,151760
2020-07-13,106.884,107.319,106.787,107.29,131483
2020-07-14,107.29,107.435,107.118,107.233,189490
2020-07-15,107.233,107.31,106.666,106.931,171814
2020-07-16,106.931,107.402,106.833,107.21,173810
2020-07-17,107.21,107.362,106.939,107.014,135795
2020-07-20,107.014,107.545,107.013,107.247,159784
2020-07-21,107.247,107.368,106.679,106.793,176453
2020-07-22,106.793,107.289,106.711,107.152,174734
2020-07-23,107.152,107.229,106.711,106.859,145894
2020-07-24,106.859,106.905,105.682,106.076,232360
2020-07-27,106.008,106.105,105.116,105.369,234885
2020-07-28,105.369,105.687,104.956,105.09,218994
2020-07-29,105.09,105.242,104.772,104.918,245106
2020-07-30,104.918,105.296,104.68,104.725,243617
2020-07-31,104.725,106.055,104.185,105.85,396995
2020-08-03,105.752,106.472,105.581,105.949,364017
2020-08-04,105.949,106.195,105.638,105.714,209234
2020-08-05,105.714,105.874,105.321,105.597,257063
2020-08-06,105.597,105.698,105.301,105.544,251022
2020-08-07,105.544,106.057,105.458,105.904,246097
2020-08-10,105.852,106.203,105.708,105.958,161834
2020-08-11,105.958,106.685,105.876,106.487,243814
2020-08-12,106.487,107.015,106.44,106.906,248987
2020-08-13,106.906,107.05,106.566,106.922,214737
2020-08-14,106.922,107.039,106.435,106.541,164248
2020-08-17,106.541,106.654,105.943,106.002,165506
2020-08-18,106.002,106.052,105.283,105.401,215578
2020-08-19,105.401,106.152,105.103,106.103,247787
2020-08-20,106.103,106.219,105.745,105.791,251127
2020-08-21,105.791,106.072,105.442,105.758,206046
2020-08-24,105.767,105.998,105.69,105.973,164226
2020-08-25,105.973,106.578,105.871,106.384,200060
2020-08-26,106.384,106.556,105.956,105.981,179617
2020-08-27,105.981,106.701,105.601,106.561,337575
2020-08-28,106.561,106.947,105.202,105.339,364098
2020-08-31,105.452,106.096,105.291,105.899,251450
2020-09-01,105.899,106.152,105.593,105.944,255027
2020-09-02,105.944,106.302,105.85,106.177,202646
2020-09-03,106.177,106.552,106.003,106.181,225986
2020-09-04,106.181,106.506,106.056,106.208,196762
2020-09-07,106.241,106.386,106.132,106.236,126147
2020-09-08,106.236,106.382,105.861,106.023,183728
2020-09-09,106.023,106.274,105.789,106.175,189241
2020-09-10,106.175,106.303,105.981,106.122,181986
2020-09-11,106.122,106.266,106.056,106.137,154194
2020-09-14,106.088,106.166,105.546,105.716,128878
2020-09-15,105.716,105.814,105.299,105.439,160032
2020-09-16,105.439,105.439,104.798,104.941,228003
2020-09-17,104.941,105.175,104.525,104.738,208613
2020-09-18,104.738,104.873,104.273,104.55,167274
2020-09-21,104.483,104.907,104.0,104.643,229195
2020-09-22,104.643,105.077,104.406,104.924,191036
2020-09-23,104.924,105.497,104.845,105.355,214602
2020-09-24,105.355,105.531,105.205,105.39,210247
2020-09-25,105.39,105.7,105.24,105.551,181910
2020-09-28,105.475,105.693,105.264,105.446,172838
2020-09-29,105.446,105.735,105.342,105.612,212254
2020-09-30,105.612,105.804,105.401,105.413,248106
2020-10-01,105.413,105.728,105.402,105.501,239013
2020-10-02,105.501,105.666,104.942,105.314,274222
2020-10-05,105.242,105.796,105.234,105.744,194031
2020-10-06,105.744,105.785,105.469,105.603,216186
2020-10-07,105.603,106.108,105.597,105.947,191983
2020-10-08,105.947,106.108,105.924,106.018,164610
2020-10-09,106.018,106.042,105.58,105.594,182667
2020-10-12,105.722,105.795,105.241,105.327,181298
2020-10-13,105.327,105.629,105.261,105.467,197466
2020-10-14,105.467,105.516,105.037,105.161,165565
2020-10-15,105.161,105.494,105.049,105.423,191677
2020-10-16,105.423,105.443,105.19,105.377,194805
2020-10-19,105.371,105.502,105.3,105.433,172613
2020-10-20,105.433,105.749,105.323,105.487,184512
2020-10-21,105.487,105.526,104.341,104.588,192971
2020-10-22,104.588,104.924,104.476,104.832,143351
2020-10-23,104.832,104.936,104.548,104.684,146552
2020-10-26,104.659,105.055,104.649,104.83,161687
2020-10-27,104.83,104.89,104.389,104.414,135467
2020-10-28,104.414,104.556,104.114,104.321,179975
2020-10-29,104.321,104.727,104.025,104.572,199557
2020-10-30,104.572,104.743,104.125,104.646,231977
2020-11-02,104.498,104.949,104.49,104.668,181637
2020-11-03,104.668,104.802,104.422,104.425,256842
2020-11-04,104.425,105.347,104.15,104.493,480587
2020-11-05,104.493,104.544,103.441,103.446,308264
2020-11-06,103.446,103.759,103.176,103.342,332082
2020-11-09,103.306,105.647,103.186,105.357,405467
2020-11-10,105.357,105.487,104.82,105.256,297558
2020-11-11,105.256,105.677,105.007,105.426,203918
2020-11-12,105.426,105.478,105.07,105.13,201159
2020-11-13,105.13,105.15,104.555,104.555,212282
2020-11-16,104.708,105.138,104.363,104.568,222225
2020-11-17,104.568,104.6,104.071,104.184,189463
2020-11-18,104.184,104.203,103.652,103.796,186380
2020-11-19,103.796,104.216,103.718,103.74,201615
2020-11-20,103.74,103.911,103.701,103.824,162825
2020-11-23,103.73,104.638,103.683,104.441,218699
2020-11-24,104.441,104.763,104.147,104.424,212670
2020-11-25,104.424,104.599,104.256,104.434,207735
2020-11-26,104.434,104.47,104.214,104.227,185966
2020-11-27,104.227,104.278,103.905,104.041,136014
2020-11-30,104.008,104.411,103.833,104.297,203118
2020-12-01,104.297,104.579,104.181,104.285,189166
2020-12-02,104.285,104.753,104.225,104.403,227271
2020-12-03,104.403,104.537,103.671,103.83,214184
2020-12-04,103.83,104.245,103.738,104.17,225963
2020-12-07,104.026,104.313,103.922,104.046,229935
2020-12-08,104.046,104.207,103.954,104.144,218736
2020-12-09,104.144,104.406,104.052,104.187,206690
2020-12-10,104.187,104.579,104.138,104.224,236500
2020-12-11,104.224,104.268,103.823,103.964,215805
2020-12-14,103.98,104.104,103.512,104.02,210604
2020-12-15,104.02,104.151,103.605,103.654,169971
2020-12-16,103.654,103.918,103.262,103.43,192725
2020-12-17,103.43,103.561,102.874,103.065,199107
2020-12-18,103.065,103.595,103.056,103.236,198788
2020-12-21,103.49,103.89,103.251,103.289,278823
2020-12-22,103.289,103.734,103.279,103.616,207639
2020-12-23,103.616,103.653,103.357,103.515,200610
2020-12-24,103.515,103.767,103.492,103.665,112251
2020-12-25,103.621,103.655,103.214,103.653,0
2020-12-28,103.523,103.898,103.401,103.764,156237
2020-12-29,103.764,103.817,103.462,103.533,148850
2020-12-30,103.533,103.583,102.961,103.163,175594
2020-12-31,103.163,103.315,102.995,103.252,138192
2021-01-01,103.226,103.25,103.226,103.226,0
2021-01-04,103.06,103.316,102.712,103.106,231985
2021-01-05,103.106,103.191,102.605,102.714,203974
2021-01-06,102.714,103.443,102.591,103.01,297201
2021-01-07,103.01,103.956,102.949,103.773,239454
2021-01-08,103.773,104.094,103.603,103.952,272942
2021-01-11,103.849,104.397,103.83,104.239,187884
2021-01-12,104.239,104.335,103.719,103.747,198540
2021-01-13,103.747,103.997,103.524,103.869,178669
2021-01-14,103.869,104.198,103.565,103.802,219775
2021-01-15,103.802,103.914,103.616,103.82,166598
2021-01-18,103.79,103.93,103.636,103.683,170151
2021-01-19,103.683,104.086,103.652,103.901,168569
2021-01-20,103.901,103.929,103.447,103.533,160179
2021-01-21,103.533,103.668,103.327,103.48,184426
2021-01-22,103.48,103.886,103.467,103.705,164933
2021-01-25,103.76,103.937,103.673,103.757,147190
2021-01-26,103.757,103.828,103.556,103.609,145333
2021-01-27,103.609,104.2,103.577,104.087,167127
2021-01-28,104.087,104.463,104.046,104.193,173453
2021-01-29,104.193,104.941,104.173,104.675,196148
2021-02-01,104.77,105.034,104.608,104.922,143030
2021-02-02,104.922,105.173,104.829,104.954,148042
2021-02-03,104.954,105.105,104.921,105.027,122010
2021-02-04,105.027,105.565,104.975,105.496,141050
2021-02-05,105.496,105.768,105.309,105.317,163935
2021-02-08,105.313,105.672,105.15,105.211,145857
2021-02-09,105.211,105.262,104.497,104.555,179795
2021-02-10,104.555,104.842,104.409,104.584,154423
2021-02-11,104.584,104.805,104.549,104.739,109564
2021-02-12,104.739,105.181,104.681,104.919,116119
2021-02-15,104.891,105.418,104.89,105.358,111305
2021-02-16,105.358,106.073,105.181,106.036,141811
2021-02-17,106.036,106.225,105.78,105.867,163466
2021-02-18,105.867,105.924,105.597,105.678,128792
2021-02-19,105.678,105.743,105.24,105.396,134720
2021-02-22,105.386,105.844,104.982,105.064,158024
2021-02-23,105.064,105.428,104.921,105.243,143834
2021-02-24,105.243,106.104,105.171,105.847,187823
2021-02-25,105.847,106.405,105.811,106.139,520854
2021-02-26,106.139,106.693,105.848,106.509,297279
2021-03-01,106.483,106.889,106.366,106.76,168050
2021-03-02,106.76,106.957,106.66,106.684,152189
2021-03-03,106.684,107.153,106.673,107.009,176795
2021-03-04,107.009,107.987,106.956,107.968,189610
2021-03-05,107.968,108.644,107.819,108.362,250437
2021-03-08,108.315,108.943,108.286,108.832,176845
2021-03-09,108.832,109.233,108.415,108.475,216952
2021-03-10,108.475,108.92,108.337,108.364,207940
2021-03-11,108.364,108.812,108.347,108.493,189750
2021-03-12,108.493,109.166,108.488,109.024,187922
2021-03-15,108.981,109.365,108.914,109.118,164091
2021-03-16,109.118,109.287,108.771,108.987,156574
2021-03-17,108.987,109.325,108.742,108.836,171294
2021-03-18,108.836,109.304,108.623,108.878,231344
2021-03-19,108.878,109.131,108.607,108.849,197284
2021-03-22,108.603,108.956,108.579,108.838,141641
2021-03-23,108.838,108.873,108.406,108.572,157771
2021-03-24,108.572,108.957,108.451,108.719,140669
2021-03-25,108.719,109.238,108.706,109.176,153725
2021-03-26,109.176,109.848,109.13,109.669,144032
2021-03-29,109.723,109.845,109.373,109.764,144124
2021-03-30,109.764,110.426,109.725,110.345,154603
2021-03-31,110.345,110.966,110.274,110.674,196248
2021-04-01,110.674,110.848,110.545,110.59,146902
2021-04-02,110.59,110.75,110.374,110.643,129877
2021-04-05,110.599,110.749,109.96,110.166,129818
2021-04-06,110.166,110.551,109.669,109.73,163564
2021-04-07,109.73,109.941,109.578,109.835,180956
2021-04-08,109.835,109.904,108.999,109.248,170307
2021-04-09,109.248,109.96,109.193,109.614,153062
2021-04-12,109.614,109.77,109.246,109.373,119203
2021-04-13,109.373,109.751,109.017,109.061,164663
2021-04-14,109.061,109.096,108.752,108.914,147156
2021-04-15,108.914,108.964,108.612,108.743,145972
2021-04-16,108.743,108.965,108.611,108.736,134274
2021-04-19,108.735,108.835,108.008,108.142,167888
2021-04-20,108.142,108.548,107.974,108.077,163532
2021-04-21,108.077,108.281,107.874,108.025,134247
2021-04-22,108.025,108.233,107.814,107.955,146938
2021-04-23,107.955,108.146,107.477,107.867,151745
2021-04-26,107.894,108.197,107.643,108.079,148002
2021-04-27,108.079,108.774,108.062,108.687,134974
2021-04-28,108.687,109.08,108.57,108.579,175518
2021-04-29,108.579,109.222,108.434,108.924,141732
2021-04-30,108.924,109.373,108.712,109.29,161832
2021-05-03,109.267,109.698,108.894,109.067,136049
2021-05-04,109.067,109.488,109.005,109.293,167481
2021-05-05,109.293,109.482,109.142,109.19,135501
2021-05-06,109.19,109.427,109.001,109.084,180537
2021-05-07,109.084,109.289,108.335,108.543,233387
2021-05-10,108.571,109.056,108.468,108.794,182301
2021-05-11,108.794,108.982,108.349,108.612,188507
2021-05-12,108.612,109.707,108.558,109.621,232071
2021-05-13,109.621,109.786,109.406,109.427,224890
2021-05-14,109.427,109.656,109.189,109.335,156028
2021-05-17,109.244,109.502,109.073,109.167,136593
2021-05-18,109.167,109.283,108.835,108.88,143434
2021-05-19,108.88,109.337,108.571,109.202,209430
2021-05-20,109.202,109.308,108.748,108.763,170378
2021-05-21,108.763,109.004,108.612,108.913,154661
2021-05-24,108.88,108.995,108.696,108.735,138492
2021-05-25,108.735,109.074,108.559,108.745,170014
2021-05-26,108.745,109.178,108.722,109.138,151543
2021-05-27,109.138,109.923,109.037,109.75,174450
2021-05-28,109.75,110.199,109.736,109.821,155612
2021-05-31,109.765,109.935,109.353,109.528,100899
2021-06-01,109.528,109.706,109.33,109.467,130056
2021-06-02,109.467,109.884,109.388,109.519,113320
2021-06-03,109.519,110.32,109.516,110.259,119603
2021-06-04,110.259,110.329,109.365,109.481,137076
2021-06-07,109.586,109.637,109.188,109.238,109195
2021-06-08,109.238,109.558,109.198,109.481,120006
2021-06-09,109.481,109.657,109.225,109.597,95606
2021-06-10,109.597,109.796,109.306,109.314,141408
2021-06-11,109.314,109.843,109.304,109.656,106870
2021-06-14,109.616,110.099,109.602,110.064,111775
2021-06-15,110.064,110.168,109.987,110.012,104881
2021-06-16,110.012,110.721,109.802,110.71,151940
2021-06-17,110.71,110.824,110.164,110.164,164280
2021-06-18,110.164,110.484,109.941,110.209,164006
2021-06-21,110.209,110.354,109.715,110.299,175387
2021-06-22,110.299,110.793,110.211,110.608,121143
2021-06-23,110.608,111.106,110.578,110.952,131414
2021-06-24,110.952,111.116,110.685,110.841,137606
2021-06-25,110.841,110.983,110.481,110.782,119036
2021-06-28,110.76,110.977,110.496,110.595,119875
2021-06-29,110.595,110.76,110.43,110.475,123893
2021-06-30,110.475,111.12,110.419,111.097,151297
2021-07-01,111.097,111.639,111.025,111.512,126511
2021-07-02,111.512,111.658,110.951,111.015,137714
2021-07-05,110.954,111.19,110.796,110.952,117736
2021-07-06,110.952,110.981,110.519,110.602,134023
2021-07-07,110.602,110.815,110.395,110.596,167515
2021-07-08,110.596,110.673,109.532,109.745,191254
2021-07-09,109.745,110.259,109.655,110.113,143099
2021-07-12,110.11,110.402,109.977,110.328,79214
2021-07-13,110.328,110.648,110.197,110.618,106655
2021-07-14,110.618,110.699,109.934,109.938,109193
2021-07-15,109.938,110.089,109.714,109.811,110136
2021-07-16,109.811,110.343,109.732,110.027,97770
2021-07-19,110.012,110.098,109.064,109.432,135997
2021-07-20,109.432,109.957,109.326,109.845,151023
2021-07-21,109.845,110.387,109.781,110.283,117961
2021-07-22,110.283,110.359,110.013,110.116,132019
2021-07-23,110.116,110.593,110.079,110.498,132092
2021-07-26,110.455,110.584,110.117,110.369,156833
2021-07-27,110.369,110.387,109.581,109.767,154548
2021-07-28,109.767,110.289,109.726,109.913,186513
2021-07-29,109.913,109.947,109.421,109.462,159673
2021-07-30,109.462,109.828,109.361,109.685,145970
2021-08-02,109.685,109.771,109.186,109.299,121626
2021-08-03,109.299,109.34,108.877,109.022,141296
2021-08-04,109.022,109.676,108.722,109.482,157965
2021-08-05,109.482,109.788,109.403,109.76,143736
2021-08-06,109.76,110.357,109.698,110.206,138882
2021-08-09,110.315,110.353,110.026,110.218,115362
2021-08-10,110.218,110.599,110.218,110.559,93713
2021-08-11,110.559,110.802,110.308,110.433,120296
2021-08-12,110.433,110.546,110.316,110.419,84270
2021-08-13,110.419,110.457,109.546,109.596,83930
2021-08-16,109.596,109.751,109.113,109.199,117299
2021-08-17,109.199,109.656,109.117,109.575,124866
2021-08-18,109.575,110.066,109.478,109.765,119420
2021-08-19,109.765,110.228,109.483,109.724,160348
2021-08-20,109.724,109.885,109.57,109.774,117006
2021-08-23,109.62,110.147,109.62,109.696,115258
2021-08-24,109.696,109.881,109.412,109.617,100283
2021-08-25,109.617,110.125,109.588,110.016,109698
2021-08-26,110.016,110.23,109.927,110.083,132039
2021-08-27,110.083,110.268,109.778,109.799,148605
2021-08-30,109.841,109.962,109.702,109.913,82546
2021-08-31,109.913,110.078,109.586,109.992,167852
2021-09-01,109.992,110.419,109.88,109.984,154751
2021-09-02,109.984,110.121,109.906,109.911,105768
2021-09-03,109.911,110.073,109.591,109.688,166838
2021-09-06,109.688,109.947,109.589,109.803,76808
2021-09-07,109.803,110.321,109.684,110.258,127925
2021-09-08,110.258,110.447,110.14,110.232,124155
2021-09-09,110.232,110.274,109.621,109.667,151508
2021-09-10,109.667,109.991,109.642,109.876,132452
2021-09-13,109.883,110.159,109.785,109.937,124677
2021-09-14,109.937,110.163,109.527,109.685,152546
2021-09-15,109.685,109.743,109.112,109.37,155652
2021-09-16,109.37,109.829,109.212,109.704,146892
2021-09-17,109.704,110.082,109.667,109.974,146001
2021-09-20,109.89,110.037,109.322,109.382,156165
2021-09-21,109.382,109.707,109.183,109.203,181665
2021-09-22,109.203,109.9,109.12,109.765,236237
2021-09-23,109.765,110.35,109.73,110.323,160616
2021-09-24,110.323,110.794,110.246,110.739,149499
2021-09-27,110.626,111.065,110.535,110.988,144415
2021-09-28,110.988,111.64,110.935,111.479,193356
2021-09-29,111.479,112.049,111.207,111.942,187264
2021-09-30,111.942,112.078,111.239,111.254,205538
2021-10-01,111.254,111.489,110.906,111.058,246296
2021-10-04,110.89,111.303,110.822,110.918,221818
2021-10-05,110.918,111.562,110.828,111.449,198308
2021-10-06,111.449,111.788,111.2,111.395,225253
2021-10-07,111.395,111.651,111.23,111.607,167205
2021-10-08,111.607,112.253,111.51,112.207,208883
2021-10-11,112.116,113.411,112.116,113.295,133687
2021-10-12,113.295,113.787,113.003,113.605,214975
2021-10-13,113.605,113.805,113.228,113.249,207781
2021-10-14,113.249,113.718,113.211,113.677,168713
2021-10-15,113.677,114.465,113.623,114.202,221646
2021-10-18,114.223,114.453,114.015,114.317,215676
2021-10-19,114.317,114.398,113.878,114.362,171568
2021-10-20,114.362,114.699,114.08,114.28,186512
2021-10-21,114.28,114.415,113.651,113.967,191048
2021-10-22,113.967,114.207,113.412,113.471,204989
2021-10-25,113.545,113.925,113.418,113.71,176177
2021-10-26,113.71,114.312,113.68,114.133,144510
2021-10-27,114.133,114.221,113.387,113.82,247162
2021-10-28,113.82,113.867,113.255,113.566,247679
2021-10-29,113.566,114.096,113.393,113.981,214094
2021-11-01,114.05,114.444,113.938,113.995,181734
2021-11-02,113.995,114.134,113.462,113.952,197042
2021-11-03,113.952,114.22,113.72,114.0,191861
2021-11-04,114.0,114.278,113.508,113.742,200828
2021-11-05,113.742,114.031,113.299,113.387,206296
2021-11-08,113.32,113.666,113.08,113.217,159563
2021-11-09,113.217,113.291,112.725,112.841,195665
2021-11-10,112.841,114.015,112.775,113.902,231811
2021-11-11,113.902,114.157,113.807,114.057,137833
2021-11-12,114.057,114.301,113.761,113.853,152136
2021-11-15,113.919,114.217,113.752,114.118,140106
2021-11-16,114.118,114.849,114.081,114.813,160505
2021-11-17,114.813,114.97,113.935,114.078,166551
2021-11-18,114.078,114.487,113.879,114.244,167316
2021-11-19,114.244,114.541,113.587,113.983,217560
2021-11-22,113.911,114.962,113.911,114.867,175719
2021-11-23,114.867,115.193,114.485,115.119,208298
2021-11-24,115.119,115.523,114.825,115.41,199165
2021-11-25,115.41,115.458,115.241,115.318,138180
2021-11-26,115.318,115.364,113.051,113.214,352549
2021-11-29,113.7,113.957,112.992,113.529,272490
2021-11-30,113.529,113.891,112.532,113.15,372527
2021-12-01,113.15,113.628,112.67,112.761,266295
2021-12-02,112.761,113.33,112.624,113.156,256800
2021-12-03,113.156,113.613,112.56,112.766,245013
2021-12-06,112.825,113.552,112.825,113.478,181032
2021-12-07,113.478,113.779,113.4,113.538,153133
2021-12-08,113.538,113.956,113.312,113.63,195727
2021-12-09,113.63,113.811,113.27,113.454,149256
2021-12-10,113.454,113.792,113.223,113.327,162966
2021-12-13,113.27,113.727,113.248,113.543,127459
2021-12-14,113.543,113.758,113.428,113.711,138294
2021-12-15,113.711,114.276,113.629,113.988,176542
2021-12-16,113.988,114.247,113.559,113.589,184790
2021-12-17,113.589,113.86,113.141,113.7,186992
2021-12-20,113.7,113.73,113.326,113.569,183414
2021-12-21,113.569,114.219,113.552,114.073,116430
2021-12-22,114.073,114.372,113.949,114.085,109254
2021-12-23,114.085,114.467,114.05,114.38,92668
2021-12-24,114.38,114.513,114.301,114.333,171165
2021-12-27,114.321,114.913,114.31,114.859,71898
2021-12-28,114.859,114.949,114.707,114.811,82860
2021-12-29,114.811,115.038,114.668,114.936,107166
2021-12-30,114.936,115.221,114.898,115.033,95404
2021-12-31,115.033,115.198,115.004,115.09,77075
2022-01-03,115.09,115.367,114.946,115.307,103768
2022-01-04,115.307,116.352,115.273,116.132,147657
2022-01-05,116.132,116.243,115.621,116.081,150238
2022-01-06,116.081,116.185,115.625,115.818,167334
2022-01-07,115.818,116.05,115.475,115.475,148703
2022-01-10,115.475,115.851,115.042,115.178,150590
2022-01-11,115.178,115.681,115.123,115.292,161287
2022-01-12,115.292,115.485,114.38,114.635,165619
2022-01-13,114.635,114.704,113.998,114.179,147792
2022-01-14,114.179,114.265,113.481,114.148,197119
2022-01-17,114.118,114.651,114.113,114.607,91566
2022-01-18,114.607,115.058,114.448,114.596,188532
2022-01-19,114.596,114.788,114.205,114.32,169646
2022-01-20,114.32,114.547,113.963,114.077,174065
2022-01-21,114.077,114.15,113.603,113.659,200755
2022-01-24,113.637,114.0,113.47,113.929,224369
2022-01-25,113.929,114.155,113.669,113.861,216479
2022-01-26,113.861,114.695,113.777,114.637,202238
2022-01-27,114.637,115.49,114.475,115.368,242817
2022-01-28,115.368,115.685,115.122,115.194,208519
2022-01-31,115.278,115.593,114.924,115.14,204616
2022-02-01,115.14,115.193,114.564,114.659,197328
2022-02-02,114.659,114.803,114.148,114.441,166890
2022-02-03,114.441,114.986,114.327,114.976,216119
2022-02-04,114.976,115.431,114.774,115.141,213965
2022-02-07,115.214,115.379,114.914,115.066,186387
2022-02-08,115.066,115.627,115.049,115.529,174653
2022-02-09,115.529,115.683,115.322,115.51,157753
2022-02-10,115.51,116.338,115.453,115.967,250314
2022-02-11,115.967,116.174,115.014,115.418,243228
2022-02-14,115.304,115.747,115.01,115.518,280209
2022-02-15,115.518,115.874,115.257,115.578,216818
2022-02-16,115.578,115.79,115.357,115.458,208937
2022-02-17,115.458,115.538,114.845,114.938,273382
2022-02-18,114.938,115.297,114.789,114.996,214036
2022-02-21,114.995,115.124,114.714,114.727,159610
2022-02-22,114.727,115.242,114.498,115.057,290337
2022-02-23,115.057,115.201,114.924,114.98,152321
2022-02-24,114.98,115.695,114.406,115.494,445691
2022-02-25,115.494,115.761,115.149,115.51,274294
2022-02-28,115.148,115.78,114.861,114.957,282148
2022-03-01,114.957,115.289,114.699,114.871,241661
2022-03-02,114.871,115.687,114.789,115.505,240331
2022-03-03,115.505,115.807,115.383,115.453,202364
2022-03-04,115.453,115.557,114.649,114.743,256879
2022-03-07,114.958,115.472,114.815,115.258,274337
2022-03-08,115.258,115.791,115.243,115.624,247129
2022-03-09,115.624,115.942,115.555,115.814,188288
2022-03-10,115.814,116.196,115.806,116.132,187187
2022-03-11,116.132,117.357,116.076,117.27,175515
2022-03-14,117.278,118.217,117.278,118.182,152265
2022-03-15,118.182,118.45,117.696,118.292,191585
2022-03-16,118.292,119.122,118.173,118.702,222012
2022-03-17,118.702,119.025,118.365,118.588,204767
2022-03-18,118.588,119.399,118.47,119.145,128841
2022-03-21,119.145,119.499,119.063,119.47,129976
2022-03-22,119.47,121.033,119.434,120.761,204861
2022-03-23,120.761,121.414,120.592,121.147,216419
2022-03-24,121.147,122.409,120.951,122.325,207219
2022-03-25,122.325,122.434,121.178,122.084,263922
2022-03-28,122.07,125.106,122.006,123.815,442808
2022-03-29,123.815,124.303,121.975,122.831,439177
2022-03-30,122.831,123.205,121.309,121.771,451951
2022-03-31,121.771,122.454,121.278,121.653,414286
2022-04-01,121.653,123.034,121.624,122.541,328529
2022-04-04,122.6,122.958,122.261,122.777,208737
2022-04-05,122.777,123.672,122.37,123.595,221490
2022-04-06,123.595,124.05,123.446,123.741,292744
2022-04-07,123.741,124.003,123.467,123.892,222958
2022-04-08,123.892,124.677,123.663,124.278,195339
2022-04-11,124.03,125.771,124.01,125.338,249410
2022-04-12,125.338,125.757,124.76,125.334,341534
2022-04-13,125.334,126.318,125.298,125.579,277755
2022-04-14,125.579,126.015,125.081,125.871,286204
2022-04-15,125.871,126.683,125.86,126.353,370556
2022-04-18,126.32,126.999,126.237,126.988,188509
2022-04-19,126.988,128.974,126.962,128.874,358219
2022-04-20,128.874,129.408,127.456,127.795,489861
2022-04-21,127.795,128.707,127.795,128.319,367256
2022-04-22,128.319,129.109,127.737,128.484,377653
2022-04-25,128.484,128.867,127.52,128.131,478003
2022-04-26,128.131,128.225,127.022,127.219,449192
2022-04-27,127.219,128.591,126.942,128.416,422876
2022-04-28,128.416,131.253,128.339,130.793,631365
2022-04-29,130.793,130.955,129.314,129.854,499139
2022-05-02,129.72,130.477,129.611,130.12,403420
2022-05-03,130.12,130.292,129.695,130.137,308860
2022-05-04,130.137,130.385,128.617,129.056,409012
2022-05-05,129.056,130.559,128.749,130.183,476539
2022-05-06,130.183,130.81,130.095,130.532,468446
2022-05-09,130.333,131.347,130.111,130.268,421782
2022-05-10,130.268,130.579,129.795,130.429,451482
2022-05-11,130.429,130.812,129.445,129.939,508428
2022-05-12,129.939,130.054,127.516,128.263,629598
2022-05-13,128.263,129.454,128.248,129.245,441033
2022-05-16,129.288,129.64,128.699,129.113,326968
2022-05-17,129.113,129.779,128.827,129.356,335534
2022-05-18,129.356,129.536,128.005,128.209,328906
2022-05-19,128.209,128.944,127.023,127.794,512963
2022-05-20,127.794,128.297,127.528,127.898,377356
2022-05-23,127.893,128.057,127.152,127.889,306606
2022-05-24,127.889,128.087,126.361,126.769,370058
2022-05-25,126.769,127.495,126.656,127.271,344270
2022-05-26,127.271,127.582,126.551,127.074,329704
2022-05-27,127.074,127.254,126.676,127.093,264444
2022-05-30,127.035,127.826,126.86,127.508,211344
2022-05-31,127.508,128.892,127.508,128.609,362535
2022-06-01,128.609,130.189,128.595,130.084,322403
2022-06-02,130.084,130.241,129.512,129.832,267011
2022-06-03,129.832,130.979,129.686,130.816,263916
2022-06-06,130.831,132.012,130.429,131.867,252129
2022-06-07,131.867,133.001,131.846,132.565,355287
2022-06-08,132.565,134.477,132.542,134.215,381972
2022-06-09,134.215,134.557,133.183,134.317,433658
2022-06-10,134.317,134.481,133.361,134.388,419948
2022-06-13,134.3,135.197,133.591,134.417,536848
2022-06-14,134.417,135.473,133.874,135.472,557475
2022-06-15,135.472,135.59,133.502,133.804,644415
2022-06-16,133.804,134.678,131.491,132.156,1332164
2022-06-17,132.156,135.423,132.154,134.855,690640
2022-06-20,134.9,135.441,134.53,135.043,388119
2022-06-21,135.043,136.708,134.922,136.596,445607
2022-06-22,136.596,136.713,135.684,136.192,524700
2022-06-23,136.192,136.216,134.266,134.936,580209
2022-06-24,134.936,135.4,134.349,135.165,480940
2022-06-27,135.165,135.551,134.522,135.462,464414
2022-06-28,135.462,136.384,135.109,136.123,484244
2022-06-29,136.123,137.003,135.762,136.59,536007
2022-06-30,136.59,136.81,135.548,135.655,498750
2022-07-01,135.655,135.987,134.74,135.229,520210
2022-07-04,135.295,135.775,134.781,135.608,308617
2022-07-05,135.608,136.362,135.514,135.843,465381
2022-07-06,135.843,136.005,134.943,135.901,593056
2022-07-07,135.901,136.221,135.55,135.965,401944
2022-07-08,135.965,136.566,135.323,136.043,426105
2022-07-11,135.979,137.753,135.945,137.416,348536
2022-07-12,137.416,137.531,136.472,136.868,408976
2022-07-13,136.868,137.866,136.691,137.332,449530
2022-07-14,137.332,139.388,137.283,138.941,471297
2022-07-15,138.941,139.129,138.382,138.48,341533
2022-07-18,138.48,138.569,137.891,138.126,280453
2022-07-19,138.126,138.393,137.38,138.154,330420
2022-07-20,138.154,138.376,137.903,138.219,299667
2022-07-21,138.219,138.876,137.294,137.342,441375
2022-07-22,137.342,137.952,135.569,136.063,402570
2022-07-25,136.12,136.787,135.89,136.634,301453
2022-07-26,136.634,136.965,136.271,136.86,268775
2022-07-27,136.86,137.462,136.32,136.535,352506
2022-07-28,136.535,136.579,134.197,134.25,421388
2022-07-29,134.25,134.672,132.5,133.198,499759
2022-08-01,133.232,133.559,131.597,131.608,412515
2022-08-02,131.608,133.17,130.391,133.158,506469
2022-08-03,133.158,134.55,132.283,133.853,512933
2022-08-04,133.853,134.423,132.765,132.853,414220
2022-08-05,132.853,135.503,132.521,135.026,429399
2022-08-08,135.095,135.583,134.345,134.944,416324
2022-08-09,134.944,135.201,134.664,135.054,342009
2022-08-10,135.054,135.303,132.032,132.871,449156
2022-08-11,132.871,133.311,131.734,132.973,437667
2022-08-12,132.973,133.892,132.878,133.479,404442
2022-08-15,133.479,133.588,132.556,133.306,344886
2022-08-16,133.306,134.685,132.949,134.224,356924
2022-08-17,134.224,135.499,133.901,135.019,401905
2022-08-18,135.019,135.901,134.647,135.887,363947
2022-08-19,135.887,137.228,135.713,136.863,346486
2022-08-22,136.845,137.649,136.692,137.427,346213
2022-08-23,137.427,137.707,135.806,136.747,406582
2022-08-24,136.747,137.244,136.169,137.083,366938
2022-08-25,137.083,137.201,136.316,136.438,354984
2022-08-26,136.438,137.532,136.195,137.503,390466
2022-08-29,137.578,139.001,137.559,138.693,337527
2022-08-30,138.693,139.077,138.05,138.787,392515
2022-08-31,138.787,139.004,138.268,138.954,358170
2022-09-01,138.954,140.229,138.835,140.199,369506
2022-09-02,140.199,140.801,139.868,140.14,355859
2022-09-05,140.107,140.659,140.093,140.572,330490
2022-09-06,140.572,143.075,140.248,142.793,394793
2022-09-07,142.793,144.991,142.659,143.755,548825
2022-09-08,143.755,144.559,143.319,144.102,467105
2022-09-09,144.102,144.114,141.5,142.626,534450
2022-09-12,142.118,143.492,142.114,142.829,403609
2022-09-13,142.829,144.684,141.598,144.534,558466
2022-09-14,144.534,144.964,142.549,143.131,578931
2022-09-15,143.131,143.802,142.793,143.446,476602
2022-09-16,143.446,143.692,142.832,142.902,363363
2022-09-19,142.86,143.643,142.638,143.189,318743
2022-09-20,143.189,143.922,142.934,143.719,344890
2022-09-21,143.719,144.704,143.343,144.08,571552
2022-09-22,144.08,145.9,140.345,142.327,816060
2022-09-23,142.327,143.461,141.764,143.303,591268
2022-09-26,143.601,144.789,143.201,144.745,653711
2022-09-27,144.745,144.902,144.056,144.795,558281
2022-09-28,144.795,144.869,143.904,144.118,585573
2022-09-29,144.118,144.812,144.046,144.402,551754
2022-09-30,144.402,144.81,144.204,144.718,496696
2022-10-03,144.7,145.325,144.155,144.534,447020
2022-10-04,144.534,144.936,143.887,144.089,431306
2022-10-05,144.089,144.845,143.525,144.647,434868
2022-10-06,144.647,145.138,144.383,145.127,368603
2022-10-07,145.127,145.442,144.632,145.363,359538
2022-10-10,145.33,145.804,145.233,145.658,234176
2022-10-11,145.658,145.898,145.425,145.843,349463
2022-10-12,145.843,146.973,145.598,146.903,428377
2022-10-13,146.903,147.673,146.421,147.208,443253
2022-10-14,147.208,148.859,147.088,148.727,414073
2022-10-17,148.529,149.088,148.412,149.03,293583
2022-10-18,149.03,149.389,148.115,149.236,325028
2022-10-19,149.236,149.906,149.096,149.849,288788
2022-10-20,149.849,150.286,149.55,150.128,306787
2022-10-21,150.128,151.944,146.165,147.649,669072
2022-10-24,147.49,149.71,145.48,148.941,441195
2022-10-25,148.941,149.099,147.511,147.905,341076
2022-10-26,147.905,148.412,146.224,146.327,481612
2022-10-27,146.327,146.936,145.104,146.25,518275
2022-10-28,146.25,147.86,145.972,147.442,464763
2022-10-31,147.753,148.848,147.545,148.687,310541
2022-11-01,148.687,148.826,146.985,148.226,416850
2022-11-02,148.226,148.383,145.667,147.876,497995
2022-11-03,147.876,148.45,147.11,148.26,403662
2022-11-04,148.26,148.403,146.551,146.651,436541
2022-11-07,147.16,147.567,146.078,146.551,375264
2022-11-08,146.551,146.935,145.309,145.677,359299
2022-11-09,145.677,146.795,145.17,146.398,443965
2022-11-10,146.398,146.59,140.194,140.949,612129
2022-11-11,140.949,142.481,138.459,138.751,618307
2022-11-14,139.098,140.799,138.795,139.876,527398
2022-11-15,139.876,140.625,137.657,139.256,704081
2022-11-16,139.256,140.291,138.727,139.471,562053
2022-11-17,139.471,140.742,138.873,140.189,478148
2022-11-18,140.189,140.499,139.633,140.334,410601
2022-11-21,140.287,142.252,140.155,142.113,351302
2022-11-22,142.113,142.241,141.08,141.194,332730
2022-11-23,141.194,141.614,139.161,139.573,387472
2022-11-24,139.573,139.601,138.043,138.623,297783
2022-11-25,138.623,139.595,138.372,139.146,337158
2022-11-28,139.214,139.428,137.494,138.927,397294
2022-11-29,138.927,139.353,137.865,138.692,426057
2022-11-30,138.692,139.894,137.647,138.124,507920
2022-12-01,138.124,138.124,135.209,135.34,514901
2022-12-02,135.34,135.98,133.619,134.31,385794
2022-12-05,134.5,136.859,134.128,136.764,375016
2022-12-06,136.764,137.428,135.962,137.025,379311
2022-12-07,137.025,137.855,136.215,136.59,431473
2022-12-08,136.59,137.247,136.239,136.677,370536
2022-12-09,136.677,136.911,135.602,136.578,411474
2022-12-12,136.519,137.85,136.468,137.656,322668
2022-12-13,137.656,137.97,134.65,135.594,511836
2022-12-14,135.594,135.992,134.507,135.485,531727
2022-12-15,135.485,138.175,135.238,137.793,466690
2022-12-16,137.793,137.806,136.292,136.679,387795
2022-12-19,135.967,137.158,135.75,136.897,362395
2022-12-20,136.897,137.478,130.563,131.691,727214
2022-12-21,131.691,132.529,131.486,132.466,458969
2022-12-22,132.466,132.719,131.637,132.31,368455
2022-12-23,132.31,133.14,132.148,132.766,326963
2022-12-26,132.766,133.199,132.3,132.868,93355
2022-12-27,132.868,133.594,132.632,133.457,264628
2022-12-28,133.457,134.5,133.347,134.452,326670
2022-12-29,134.452,134.452,132.878,133.002,307547
2022-12-30,133.002,133.091,130.765,131.101,378222
2023-01-02,131.101,131.101,130.599,130.607,99639
2023-01-03,130.607,131.398,129.504,130.997,512622
2023-01-04,130.997,132.716,129.926,132.602,513081
2023-01-05,132.602,134.053,131.683,133.397,496482
2023-01-06,133.397,134.772,131.993,132.105,527218
2023-01-09,131.94,132.656,131.306,131.883,431251
2023-01-10,131.883,132.478,131.383,132.238,479323
2023-01-11,132.238,132.872,132.063,132.469,391446
2023-01-12,132.469,132.483,128.859,129.25,696287
2023-01-13,129.25,129.429,127.454,127.847,540978
2023-01-16,127.755,128.866,127.215,128.462,395243
2023-01-17,128.462,129.162,127.988,128.05,501053
2023-01-18,128.05,131.574,127.564,128.854,850159
2023-01-19,128.854,128.884,127.76,128.406,532106
2023-01-20,128.406,130.612,128.341,129.547,473352
2023-01-23,129.458,130.886,129.04,130.64,355402
2023-01-24,130.64,131.115,129.725,130.108,349723
2023-01-25,130.108,130.581,129.26,129.524,349655
2023-01-26,129.524,130.617,129.021,130.167,410324
2023-01-27,130.167,130.266,129.494,129.762,352227
2023-01-30,129.752,130.568,129.198,130.32,412790
2023-01-31,130.32,130.531,129.742,130.059,403846
2023-02-01,130.059,130.411,128.533,128.904,510719
2023-02-02,128.904,129.134,128.082,128.638,544171
2023-02-03,128.638,131.205,128.327,131.175,501826
2023-02-06,132.429,132.904,131.511,132.625,481956
2023-02-07,132.625,132.706,130.469,130.996,597688
2023-02-08,130.996,131.538,130.596,131.34,447417
2023-02-09,131.34,131.827,130.341,131.539,474544
2023-02-10,131.539,131.882,129.796,131.418,594052
2023-02-13,131.113,132.908,131.113,132.364,375139
2023-02-14,132.364,133.313,131.498,133.109,669410
2023-02-15,133.109,134.357,132.542,134.144,461197
2023-02-16,134.144,134.462,133.601,133.941,493460
2023-02-17,133.941,135.117,133.921,134.138,410317
2023-02-20,134.2,134.539,133.919,134.17,267507
2023-02-21,134.17,135.228,134.147,134.993,409764
2023-02-22,134.993,135.059,134.365,134.895,445712
2023-02-23,134.895,135.362,134.482,134.689,334410
2023-02-24,134.689,136.518,134.054,136.469,460329
2023-02-27,136.399,136.556,135.912,136.128,351723
2023-02-28,136.128,136.918,135.733,136.115,364768
2023-03-01,136.115,136.471,135.255,136.132,406513
2023-03-02,136.132,137.102,136.02,136.757,415482
2023-03-03,136.757,136.77,135.742,135.805,356658
2023-03-06,135.937,136.19,135.362,135.905,331899
2023-03-07,135.905,137.195,135.537,137.137,400056
2023-03-08,137.137,137.911,136.473,137.293,392327
2023-03-09,137.293,137.352,135.932,136.129,338006
2023-03-10,136.129,136.995,134.109,135.061,650201
2023-03-13,134.518,135.048,132.279,133.173,930711
2023-03-14,133.173,134.904,133.026,134.211,715368
2023-03-15,134.211,135.112,132.212,133.375,870268
2023-03-16,133.375,133.828,131.717,133.71,811085
2023-03-17,133.71,133.747,131.554,131.83,581922
2023-03-20,131.804,132.651,130.538,131.31,668459
2023-03-21,131.31,132.631,131.035,132.478,401367
2023-03-22,132.478,133.002,131.004,131.368,472941
2023-03-23,131.368,131.661,130.315,130.773,540908
2023-03-24,130.773,130.939,129.638,130.713,562634
2023-03-27,130.518,131.759,130.492,131.529,365626
2023-03-28,131.529,131.558,130.404,130.814,368658
2023-03-29,130.814,132.89,130.756,132.856,373363
2023-03-30,132.856,132.966,132.199,132.632,366888
2023-03-31,132.632,133.594,132.574,132.728,413564
2023-04-03,133.351,133.756,132.2,132.374,396776
2023-04-04,132.374,133.168,131.521,131.699,385090
2023-04-05,131.699,131.845,130.628,131.299,408154
2023-04-06,131.299,131.902,130.775,131.764,295785
2023-04-07,131.764,132.377,131.524,132.136,239703
2023-04-10,132.087,133.87,131.831,133.586,288488
2023-04-11,133.586,133.807,132.97,133.673,295698
2023-04-12,133.673,134.046,132.73,133.13,388020
2023-04-13,133.13,133.394,132.019,132.558,319027
2023-04-14,132.558,133.836,132.167,133.73,352857
2023-04-17,133.803,134.571,133.709,134.425,278857
2023-04-18,134.425,134.705,133.861,134.088,309930
2023-04-19,134.088,135.137,133.952,134.672,312146
2023-04-20,134.672,134.971,134.011,134.222,316930
2023-04-21,134.222,134.492,133.545,134.105,305537
2023-04-24,133.93,134.73,133.89,134.235,234227
2023-04-25,134.235,134.482,133.361,133.737,323051
2023-04-26,133.737,133.943,133.015,133.663,394641
2023-04-27,133.663,134.198,133.197,133.967,328248
2023-04-28,133.967,136.56,133.368,136.279,491116
2023-05-01,136.165,137.544,136.118,137.477,263086
2023-05-02,137.477,137.773,136.314,136.511,368976
2023-05-03,136.511,136.61,134.666,134.68,416700
2023-05-04,134.68,134.881,133.496,134.271,516802
2023-05-05,134.271,135.125,133.881,134.822,322380
2023-05-08,134.822,135.299,134.642,135.085,269850
2023-05-09,135.085,135.36,134.72,135.208,347929
2023-05-10,135.208,135.47,134.112,134.28,436162
2023-05-11,134.28,134.843,133.743,134.531,459170
2023-05-12,134.531,135.755,134.401,135.744,336382
2023-05-15,135.663,136.323,135.625,136.103,301774
2023-05-16,136.103,136.682,135.647,136.362,315337
2023-05-17,136.362,137.712,136.303,137.667,307247
2023-05-18,137.667,138.747,137.286,138.706,333389
2023-05-19,138.706,138.723,137.423,137.915,388531
2023-05-22,137.958,138.687,137.491,138.591,328283
2023-05-23,138.591,138.91,138.239,138.581,395429
2023-05-24,138.581,139.477,138.227,139.454,378865
2023-05-25,139.454,140.23,138.81,140.039,424216
2023-05-26,140.039,140.725,139.495,140.609,349341
2023-05-29,140.57,140.918,140.111,140.426,159921
2023-05-30,140.426,140.931,139.569,139.782,355888
2023-05-31,139.782,140.416,139.232,139.336,353893
2023-06-01,139.336,139.95,138.422,138.784,334850
2023-06-02,138.784,140.07,138.602,139.913,306541
2023-06-05,139.959,140.453,139.248,139.576,269357
2023-06-06,139.576,139.993,139.095,139.625,250932
2023-06-07,139.625,140.249,139.023,140.063,272466
2023-06-08,140.063,140.226,138.809,138.922,286816
2023-06-09,138.922,139.723,138.757,139.35,253228
2023-06-12,139.35,139.764,139.063,139.601,246201
2023-06-13,139.601,140.307,139.01,140.207,318794
2023-06-14,140.207,140.289,139.28,140.048,351120
2023-06-15,140.048,141.504,139.94,140.255,392477
2023-06-16,140.255,141.912,139.85,141.857,383372
2023-06-19,141.857,142.002,141.441,141.963,199015
2023-06-20,141.963,142.251,141.212,141.449,336245
2023-06-21,141.449,142.371,141.281,141.876,338403
2023-06-22,141.876,143.226,141.609,143.11,303660
2023-06-23,143.11,143.871,142.649,143.703,358595
2023-06-26,143.476,143.72,142.933,143.506,302698
2023-06-27,143.506,144.176,143.281,144.069,299820
2023-06-28,144.069,144.616,143.729,144.479,331478
2023-06-29,144.479,144.897,144.133,144.735,334552
2023-06-30,144.735,145.071,144.198,144.28,332657
2023-07-03,144.26,144.912,143.983,144.655,271774
2023-07-04,144.655,144.702,144.204,144.439,143517
2023-07-05,144.439,144.735,144.077,144.646,239967
2023-07-06,144.646,144.652,143.553,144.062,364858
2023-07-07,144.062,144.196,142.061,142.068,359974
2023-07-10,142.068,143.005,141.276,141.309,310513
2023-07-11,141.309,141.46,140.158,140.356,324110
2023-07-12,140.356,140.377,138.152,138.489,381806
2023-07-13,138.489,138.954,137.921,138.045,342671
2023-07-14,138.045,139.157,137.235,138.681,365868
2023-07-17,138.681,139.404,137.992,138.708,245226
2023-07-18,138.708,139.134,137.676,138.825,359664
2023-07-19,138.825,139.994,138.762,139.615,329037
2023-07-20,139.615,140.496,139.107,140.071,306962
2023-07-21,140.071,141.952,139.746,141.827,349854
2023-07-24,141.55,141.811,140.732,141.472,327050
2023-07-25,141.472,141.743,140.852,140.89,279394
2023-07-26,140.89,141.187,139.921,140.237,367170
2023-07-27,140.237,141.319,138.764,139.428,487842
2023-07-28,139.428,141.176,138.059,141.147,634163
2023-07-31,140.896,142.692,140.686,142.27,379224
2023-08-01,142.27,143.545,142.206,143.33,320464
2023-08-02,143.33,143.474,142.229,143.315,376773
2023-08-03,143.315,143.888,142.061,142.521,469630
2023-08-04,142.521,142.929,141.55,141.686,381924
2023-08-07,141.642,142.59,141.508,142.485,262257
2023-08-08,142.485,143.492,142.399,143.361,329968
2023-08-09,143.361,143.749,142.996,143.716,268146
2023-08-10,143.716,144.815,143.258,144.717,337568
2023-08-11,144.717,145.0,144.395,144.932,256992
2023-08-14,144.912,145.577,144.647,145.549,274340
2023-08-15,145.549,145.867,145.102,145.567,306589
2023-08-16,145.567,146.406,145.303,146.342,283183
2023-08-17,146.342,146.56,145.617,145.834,308454
2023-08-18,145.834,145.867,144.926,145.365,278585
2023-08-21,145.197,146.401,145.14,146.214,248310
2023-08-22,146.214,146.401,145.493,145.881,256405
2023-08-23,145.881,145.895,144.538,144.835,304001
2023-08-24,144.835,145.959,144.598,145.824,269982
2023-08-25,145.824,146.634,145.715,146.378,297524
2023-08-28,146.392,146.745,146.271,146.527,207431
2023-08-29,146.527,147.375,145.667,145.859,306376
2023-08-30,145.859,146.535,145.556,146.223,325552
2023-08-31,146.223,146.227,145.348,145.531,315791
2023-09-01,145.531,146.293,144.439,146.247,336513
2023-09-04,146.054,146.497,146.02,146.466,139401
2023-09-05,146.466,147.8,146.371,147.715,278937
2023-09-06,147.715,147.816,147.015,147.648,294223
2023-09-07,147.648,147.872,147.042,147.286,257679
2023-09-08,147.286,147.87,146.584,147.777,278495
2023-09-11,146.966,147.271,145.897,146.576,381622
2023-09-12,146.576,147.233,146.434,147.082,263170
2023-09-13,147.082,147.746,147.016,147.454,322538
2023-09-14,147.454,147.564,147.016,147.462,321579
2023-09-15,147.462,147.951,147.334,147.83,282202
2023-09-18,147.709,147.878,147.556,147.604,189012
2023-09-19,147.604,147.924,147.505,147.855,221255
2023-09-20,147.855,148.359,147.472,148.342,312974
2023-09-21,148.342,148.462,147.32,147.569,309854
2023-09-22,147.569,148.417,147.496,148.36,309231
2023-09-25,148.25,148.963,148.222,148.881,232920
2023-09-26,148.881,149.186,148.704,149.055,273072
2023-09-27,149.055,149.707,148.859,149.626,272175
2023-09-28,149.626,149.626,149.142,149.305,316978
2023-09-29,149.305,149.509,148.525,149.322,331179
2023-10-02,149.592,149.873,149.385,149.853,258779
2023-10-03,149.853,150.16,147.273,148.985,367526
2023-10-04,148.985,149.317,148.734,149.125,328152
2023-10-05,149.125,149.125,148.259,148.512,325442
2023-10-06,148.512,149.533,148.36,149.234,344054
2023-10-09,149.004,149.24,148.433,148.496,230454
2023-10-10,148.496,149.097,148.161,148.709,313676
2023-10-11,148.709,149.323,148.423,149.161,315968
2023-10-12,149.161,149.828,148.954,149.804,307917
2023-10-13,149.804,149.829,149.453,149.554,291646
2023-10-16,149.32,149.762,149.3,149.507,225124
2023-10-17,149.507,149.85,148.737,149.798,261565
2023-10-18,149.798,149.938,149.482,149.92,235785
2023-10-19,149.92,149.96,149.665,149.779,296909
2023-10-20,149.779,149.992,149.611,149.828,241643
2023-10-23,149.814,149.99,149.555,149.703,193090
2023-10-24,149.703,149.929,149.32,149.908,229909
2023-10-25,149.908,150.318,149.793,150.193,198090
2023-10-26,150.193,150.777,149.816,150.363,301893
2023-10-27,150.363,150.412,149.458,149.595,236172
2023-10-30,149.483,149.855,148.802,149.055,219006
2023-10-31,149.055,151.723,149.001,151.666,351549
2023-11-01,151.666,151.685,150.661,150.95,294828
2023-11-02,150.95,150.955,149.843,150.397,259563
2023-11-03,150.397,150.518,149.188,149.329,256600
2023-11-06,149.32,150.08,149.317,150.071,199630
2023-11-07,150.071,150.691,149.927,150.314,203049
2023-11-08,150.314,151.057,150.298,150.972,214042
2023-11-09,150.972,151.387,150.768,151.345,249483
2023-11-10,151.345,151.603,151.221,151.477,201388
2023-11-13,151.438,151.908,151.198,151.72,181201
2023-11-14,151.72,151.79,150.153,150.375,251655
2023-11-15,150.375,151.421,150.043,151.318,249096
2023-11-16,151.318,151.43,150.286,150.722,215271
2023-11-17,150.722,150.774,149.193,149.5,260632
2023-11-20,149.5,149.989,148.102,148.359,303634
2023-11-21,148.359,148.595,147.15,148.381,330602
2023-11-22,148.381,149.749,148.017,149.533,299815
2023-11-23,149.533,149.691,148.888,149.537,160193
2023-11-24,149.537,149.713,149.195,149.399,179985
2023-11-27,149.399,149.674,148.542,148.675,273326
2023-11-28,148.675,148.832,147.321,147.471,340962
2023-11-29,147.471,147.905,146.671,147.238,402382
2023-11-30,147.238,148.523,146.841,148.182,388616
2023-12-01,148.182,148.345,146.659,146.748,402257
2023-12-04,146.66,147.451,146.226,147.202,404316
2023-12-05,147.202,147.392,146.556,147.145,383083
2023-12-06,147.145,147.498,146.894,147.309,296760
2023-12-07,147.309,147.31,141.601,144.092,581180
2023-12-08,144.092,145.209,142.493,144.964,697562
2023-12-11,144.882,146.589,144.811,146.145,416279
2023-12-12,146.145,146.175,144.724,145.449,419551
2023-12-13,145.449,145.994,142.629,142.876,513889
2023-12-14,142.876,142.917,140.949,141.835,754136
2023-12-15,141.835,142.466,141.427,142.134,539649
2023-12-18,142.04,143.159,142.03,142.758,339500
2023-12-19,142.758,144.954,142.245,143.827,491299
2023-12-20,143.827,144.098,143.261,143.559,406400
2023-12-21,143.559,143.569,142.043,142.108,425201
2023-12-22,142.108,142.662,141.861,142.387,379717
2023-12-25,142.387,142.449,142.259,142.274,31
2023-12-26,142.274,142.634,142.188,142.392,123499
2023-12-27,142.392,142.845,141.542,141.814,240107
2023-12-28,141.814,141.822,140.249,141.368,346262
2023-12-29,141.368,141.912,140.794,140.982,297049
2024-01-01,140.952,141.02499,140.952,140.952,0
2024-01-02,140.982,142.213,140.982,141.979,270278
2024-01-03,141.979,143.732,141.856,143.286,361642
2024-01-04,143.286,144.849,142.851,144.622,367455
2024-01-05,144.622,145.977,143.805,144.595,460360
2024-01-08,144.595,144.915,143.66,144.226,318899
2024-01-09,144.226,144.622,143.423,144.466,348114
2024-01-10,144.466,145.829,144.315,145.752,306979
2024-01-11,145.752,146.413,145.207,145.26,443004
2024-01-12,145.26,145.565,144.346,144.872,366543
2024-01-15,144.872,145.942,144.839,145.676,203523
2024-01-16,145.676,147.313,145.579,147.178,428922
2024-01-17,147.178,148.526,147.053,148.142,404374
2024-01-18,148.142,148.3,147.654,148.144,365711
2024-01-19,148.144,148.803,147.834,148.166,335682
2024-01-22,148.245,148.301,147.613,148.085,310148
2024-01-23,148.085,148.695,146.972,148.283,394956
2024-01-24,148.283,148.384,146.651,147.487,381010
2024-01-25,147.487,147.933,147.08,147.656,384113
2024-01-26,147.656,148.208,147.399,148.136,322083
2024-01-29,148.087,148.334,147.252,147.489,272568
2024-01-30,147.489,147.926,147.093,147.597,300048
2024-01-31,147.597,147.897,146.005,146.864,560472
2024-02-01,146.864,147.112,145.891,146.413,476001
2024-02-02,146.413,148.585,146.238,148.31,386389
2024-02-05,148.37,148.894,148.265,148.671,347213
2024-02-06,148.671,148.785,147.814,147.94,341041
2024-02-07,147.94,148.256,147.614,148.172,348401
2024-02-08,148.172,149.477,147.928,149.303,339269
2024-02-09,149.303,149.574,149.004,149.237,315267
2024-02-12,149.21,149.478,148.926,149.336,260920
2024-02-13,149.336,150.884,149.232,150.771,341341
2024-02-14,150.771,150.781,150.345,150.523,315337
2024-02-15,150.523,150.567,149.509,149.891,349275
2024-02-16,149.891,150.643,149.821,150.185,307718
2024-02-19,150.065,150.192,149.873,150.108,187427
2024-02-20,150.108,150.439,149.682,150.0,309858
2024-02-21,150.0,150.393,149.85,150.281,295451
2024-02-22,150.281,150.687,150.015,150.52,359189
2024-02-23,150.52,150.768,150.289,150.487,280436
2024-02-26,150.46,150.839,150.29,150.686,305087
2024-02-27,150.686,150.701,150.071,150.499,277788
2024-02-28,150.499,150.844,150.369,150.686,305016
2024-02-29,150.686,150.688,149.205,149.972,378487
2024-03-01,149.972,150.717,149.914,150.06,362929
2024-03-04,149.959,150.567,149.837,150.524,240917
2024-03-05,150.524,150.546,149.701,150.039,305899
2024-03-06,150.039,150.084,149.092,149.346,329232
2024-03-07,149.346,149.367,147.579,148.042,425763
2024-03-08,148.042,148.116,146.478,147.053,430610
2024-03-11,147.02,147.147,146.484,146.937,272180
2024-03-12,146.937,148.163,146.618,147.644,355209
2024-03-13,147.644,148.046,147.232,147.751,266454
2024-03-14,147.751,148.357,147.428,148.294,325282
2024-03-15,148.294,149.163,148.031,148.994,263878
2024-03-18,148.93,149.332,148.905,149.144,248634
2024-03-19,149.144,150.961,148.972,150.845,341672
2024-03-20,150.845,151.818,150.716,151.249,366563
2024-03-21,151.249,151.753,150.261,151.604,368692
2024-03-22,151.604,151.862,151.001,151.406,303873
2024-03-25,151.406,151.544,151.05,151.406,224894
2024-03-26,151.406,151.604,151.205,151.558,229583
2024-03-27,151.558,151.972,151.024,151.319,264840
2024-03-28,151.319,151.545,151.148,151.362,262662
2024-03-29,151.362,151.501,151.166,151.316,168363
2024-04-01,151.246,151.773,151.222,151.642,176688
2024-04-02,151.642,151.8,151.461,151.551,230029
2024-04-03,151.551,151.951,151.44,151.688,204952
2024-04-04,151.688,151.77,151.118,151.333,208493
2024-04-05,151.333,151.751,150.809,151.607,234453
2024-04-08,151.546,151.944,151.545,151.78,185123
2024-04-09,151.78,151.936,151.569,151.733,169872
2024-04-10,151.733,153.239,151.68,153.157,255777
2024-04-11,153.157,153.317,152.758,153.265,258723
2024-04-12,153.265,153.384,152.589,153.21,243084
2024-04-15,153.028,154.446,152.96,154.259,253112
2024-04-16,154.259,154.787,153.885,154.709,239915
2024-04-17,154.709,154.734,154.158,154.382,194008
2024-04-18,154.382,154.68,153.95,154.643,193473
2024-04-19,154.643,154.674,153.587,154.598,274060
2024-04-22,154.55,154.85,154.441,154.846,149464
2024-04-23,154.846,154.874,154.549,154.828,174450
2024-04-24,154.828,155.374,154.727,155.334,167070
2024-04-25,155.334,155.747,155.197,155.647,220881
2024-04-26,155.647,158.437,154.957,158.283,322150
2024-04-29,157.87,160.209,154.512,156.306,717216
2024-04-30,156.306,157.846,156.057,157.789,265583
2024-05-01,157.789,157.987,152.997,154.6,326625
2024-05-02,154.6,156.286,153.055,153.561,397101
2024-05-03,153.561,153.752,151.856,152.928,342828
2024-05-06,152.928,154.007,152.748,153.866,204674
2024-05-07,153.866,154.747,153.832,154.691,217991
2024-05-08,154.691,155.686,154.523,155.481,188960
2024-05-09,155.481,155.953,155.147,155.418,191688
2024-05-10,155.418,155.904,155.264,155.755,167766
2024-05-13,155.661,156.249,155.493,156.201,154766
2024-05-14,156.201,156.786,156.119,156.398,161225
2024-05-15,156.398,156.562,154.69,154.873,267508
2024-05-16,154.873,155.533,153.601,155.388,300035
2024-05-17,155.388,155.976,155.248,155.64,183973
2024-05-20,155.583,156.304,155.493,156.246,170812
2024-05-21,156.246,156.547,155.841,156.133,203504
2024-05-22,156.133,156.846,156.077,156.786,191791
2024-05-23,156.786,157.195,156.507,156.886,243971
2024-05-24,156.886,157.145,156.821,156.959,167778
2024-05-27,156.996,156.996,156.661,156.815,106159
2024-05-28,156.815,157.2,156.578,157.158,170345
2024-05-29,157.158,157.711,156.892,157.631,181064
2024-05-30,157.631,157.671,156.369,156.809,253309
2024-05-31,156.809,157.365,156.558,157.234,280186
2024-06-03,157.267,157.472,155.947,156.03,247341
2024-06-04,156.03,156.487,154.524,154.84,347319
2024-06-05,154.84,156.482,154.777,156.089,301875
2024-06-06,156.089,156.446,155.353,155.602,282843
2024-06-07,155.602,157.074,155.119,156.695,310586
2024-06-10,156.9,157.193,156.692,157.023,229529
2024-06-11,157.023,157.404,156.804,157.128,236840
2024-06-12,157.128,157.37,155.716,156.723,343140
2024-06-13,156.723,157.312,156.555,156.982,271385
2024-06-14,156.982,158.257,156.787,157.375,424320
2024-06-16,157.346,158.25701,156.795,157.4015,17770
2024-06-17,157.355,157.96,157.154,157.708,232759
2024-06-18,157.708,158.23,157.515,157.837,228460
2024-06-19,157.837,158.136,157.601,158.054,117266
2024-06-20,158.054,158.94,157.797,158.902,196927
2024-06-21,158.902,159.828,158.665,159.76,221725
2024-06-23,159.699,159.934,158.664,159.667,16854
2024-06-24,159.754,159.929,158.74,159.596,249218
2024-06-25,159.596,159.756,159.185,159.666,232965
2024-06-26,159.666,160.872,159.609,160.783,254312
2024-06-27,160.783,160.823,160.278,160.734,220726
2024-06-28,160.734,161.283,160.26,160.835,326782
2024-06-30,160.835,161.186,160.61099,161.043,20678
2024-07-01,160.686,161.728,160.686,161.416,250628
2024-07-02,161.416,161.745,161.268,161.414,191639
2024-07-03,161.414,161.951,160.766,161.65,234933
2024-07-04,161.65,161.673,160.943,161.218,148982
2024-07-05,161.218,161.397,160.329,160.76,320891
2024-07-07,160.704,161.39901,160.255,160.532,22549
2024-07-08,160.747,161.12,160.261,160.793,245209
2024-07-09,160.793,161.517,160.73,161.28,215504
2024-07-10,161.28,161.807,161.245,161.663,178248
2024-07-11,161.663,161.76,157.414,158.763,430271
2024-07-12,158.763,159.448,157.355,157.9,517772
2024-07-14,157.846,159.445,157.35899,157.974,23289
2024-07-15,158.085,158.425,157.156,157.976,258842
2024-07-16,157.976,158.854,157.976,158.303,238167
2024-07-17,158.303,158.622,156.054,156.163,427411
2024-07-18,156.163,157.399,155.366,157.358,444209
2024-07-19,157.358,157.863,156.953,157.381,353082
2024-07-21,157.288,157.862,157.05799,157.483,20612
2024-07-22,157.364,157.613,156.283,157.0,343004
2024-07-23,157.0,157.1,155.544,155.565,376308
2024-07-24,155.565,155.989,153.105,153.845,500466
2024-07-25,153.845,154.318,151.937,153.91,648751
2024-07-26,153.91,154.737,153.085,153.724,495335
2024-07-28,153.791,154.73801,153.009,153.682,33955
2024-07-29,153.667,154.352,153.011,154.004,495006
2024-07-30,154.004,155.216,152.643,152.748,495560
2024-07-31,152.748,153.889,149.606,149.951,949756
2024-08-01,149.951,150.887,148.507,149.328,817815
2024-08-02,149.328,149.777,146.414,146.472,932530
2024-08-04,146.405,149.77401,144.602,144.61199,45751
2024-08-05,146.36,146.561,141.684,144.138,1249245
2024-08-06,144.138,146.364,143.615,144.291,1098923
2024-08-07,144.291,147.901,144.277,146.666,927899
2024-08-08,146.666,147.544,145.422,147.188,921881
2024-08-09,147.188,147.816,146.263,146.605,728631
2024-08-12,146.454,148.223,146.454,147.191,531312
2024-08-13,147.191,147.949,146.593,146.817,566194
2024-08-14,146.817,147.585,146.071,147.327,569319
2024-08-15,147.327,149.399,147.052,149.279,900928
2024-08-16,149.279,149.34,147.533,147.536,454389
2024-08-19,147.556,148.052,145.183,146.569,593588
2024-08-20,146.569,147.344,145.195,145.254,583795
2024-08-21,145.254,146.896,144.453,145.259,709794
2024-08-22,145.259,146.525,144.846,146.28,1018008
2024-08-23,146.28,146.481,144.045,144.328,630031
2024-08-26,144.184,144.654,143.443,144.513,534830
2024-08-27,144.513,145.174,143.914,143.93,450723
2024-08-28,143.93,145.04,143.68,144.575,459715
2024-08-29,144.575,145.555,144.172,144.976,1118814
2024-08-30,144.976,146.247,144.649,146.126,431969
2024-09-02,146.087,147.176,145.771,146.853,298227
2024-09-03,146.853,147.21,145.107,145.471,603885
2024-09-04,145.471,145.556,143.708,143.728,649758
2024-09-05,143.728,144.23,142.844,143.437,1279592
2024-09-06,143.437,144.023,141.763,142.232,896062
2024-09-09,142.134,143.797,141.941,143.149,550971
2024-09-10,143.149,143.71,142.19,142.417,474870
2024-09-11,142.417,142.546,140.706,142.356,734826
2024-09-12,142.356,143.042,141.722,141.799,1482072
2024-09-13,141.799,141.873,140.279,140.774,647718
2024-09-16,140.672,140.91,139.576,140.611,507692
2024-09-17,140.608,142.466,140.315,142.4,584216
2024-09-18,142.4,142.708,140.437,142.261,695073
2024-09-19,142.261,143.941,141.872,142.615,1587376
2024-09-20,142.615,144.492,141.733,143.848,789503
2024-09-23,143.889,144.454,143.161,143.579,573837
2024-09-24,143.579,144.678,143.108,143.215,508810
2024-09-25,143.215,144.839,142.882,144.747,500281
2024-09-26,144.747,145.209,144.103,144.798,991396
2024-09-27,144.798,146.491,142.063,142.154,839675
2024-09-30,142.046,143.909,141.641,143.623,549417
2024-10-01,143.623,144.525,142.962,143.538,688079
2024-10-02,143.538,146.515,143.423,146.447,518444
2024-10-03,146.447,147.24,146.278,146.927,1096156
2024-10-04,146.927,149.001,145.91,148.656,580337
2024-10-07,148.706,149.124,147.837,148.178,522368
2024-10-08,148.178,148.377,147.34,148.193,544425
2024-10-09,148.193,149.361,148.006,149.3,358309
2024-10-10,149.3,149.543,148.228,148.566,1052632
2024-10-11,148.566,149.281,148.396,149.08,332566
2024-10-14,149.023,149.98,149.006,149.745,240452
2024-10-15,149.745,149.836,148.84,149.195,370570
2024-10-16,149.195,149.803,148.854,149.621,326212
2024-10-17,149.621,150.32,149.235,150.194,703182
2024-10-18,150.194,150.28,149.362,149.447,319066
2024-10-21,149.443,150.883,149.081,150.827,323099
2024-10-22,150.827,151.194,150.489,151.069,333830
2024-10-23,151.069,153.184,150.973,152.747,353697
2024-10-24,152.747,152.832,151.548,151.815,837200
2024-10-25,151.815,152.376,151.441,152.235,374906
2024-10-28,153.233,153.877,152.403,153.271,347296
2024-10-29,153.271,153.862,152.749,153.352,353672
2024-10-30,153.352,153.487,152.776,153.404,384407
2024-10-31,153.404,153.623,151.828,152.026,494085
2024-11-01,152.026,153.088,151.777,152.924,844778
2024-11-04,152.163,152.549,151.529,152.119,384441
2024-11-05,152.119,152.54,151.33,151.603,311788
2024-11-06,151.603,154.693,151.276,154.62,1055693
2024-11-07,154.62,154.708,152.686,152.928,1021014
2024-11-08,152.928,153.364,152.136,152.568,421111
2024-11-11,152.617,153.949,152.617,153.71,240804
2024-11-12,153.71,154.92,153.403,154.591,330256
2024-11-13,154.591,155.621,154.335,155.46,409899
2024-11-14,155.46,156.417,155.336,156.247,749010
2024-11-15,156.247,156.744,153.855,154.281,485899
2024-11-18,154.215,155.354,153.829,154.652,448629
2024-11-19,154.652,154.795,153.272,154.652,509856
2024-11-20,154.652,155.884,154.522,155.382,331410
2024-11-21,155.382,155.391,153.903,154.53,942232
2024-11-22,154.53,155.023,153.959,154.707,447957
2024-11-25,154.077,154.719,153.543,154.172,428314
2024-11-26,154.172,154.487,152.979,153.083,433791
2024-11-27,153.083,153.232,150.45,151.05,452809
2024-11-28,151.05,151.949,150.885,151.504,437038
2024-11-29,151.504,151.546,149.46,149.707,659384
2024-12-02,149.599,150.75,149.075,149.57,450641
2024-12-03,149.57,150.233,148.639,149.579,375776
2024-12-04,149.579,151.226,149.516,150.549,411850
2024-12-05,150.549,150.771,149.65,150.093,686734
2024-12-06,150.093,150.695,149.356,149.962,380390
2024-12-09,149.857,151.343,149.687,151.206,266050
2024-12-10,151.206,152.179,150.89,151.951,293022
2024-12-11,151.951,152.842,150.981,152.446,403219
2024-12-12,152.446,152.769,151.793,152.613,750356
2024-12-13,152.613,153.797,152.447,153.579,276814
2024-12-16,153.6,154.473,153.316,154.097,246093
2024-12-17,154.097,154.34,153.156,153.498,297466
2024-12-18,153.498,154.859,153.329,154.81,346139
2024-12-19,154.81,157.802,154.428,157.401,1016404
2024-12-20,157.401,157.923,155.948,156.364,443399
2024-12-23,156.364,157.264,156.333,157.165,246911
2024-12-24,157.165,157.389,156.884,157.298,154785
2024-12-25,157.10699,157.86099,146.202,157.10699,4288
2024-12-26,157.298,158.082,157.298,157.93,287792
2024-12-27,157.93,157.949,157.347,157.802,231947
2024-12-30,157.755,158.07,156.663,156.838,242103
2024-12-31,156.838,157.542,156.014,157.312,271070
2025-01-01,157.267,157.26801,157.08,157.24699,0
2025-01-02,157.312,157.847,156.43,157.524,562676
2025-01-03,157.524,157.56,156.869,157.266,246888
2025-01-06,157.145,157.958,156.233,157.573,494962
2025-01-07,157.573,158.421,157.363,158.036,351465
2025-01-08,158.036,158.549,157.897,158.335,290183
2025-01-09,158.335,158.393,157.571,158.102,401788
2025-01-10,158.102,158.874,157.221,157.692,412141
2025-01-13,157.692,157.961,156.905,157.452,311876
2025-01-14,157.452,158.194,157.078,157.941,358818
2025-01-15,157.941,158.077,155.927,156.433,347654
2025-01-16,156.433,156.525,155.098,155.114,758678
2025-01-17,155.114,156.369,154.969,156.259,287747
2025-01-20,156.259,156.578,155.405,155.613,343230
2025-01-21,155.613,156.234,154.768,155.478,410593
2025-01-22,155.478,156.707,155.347,156.503,288933
2025-01-23,156.503,156.755,155.739,156.034,564514
2025-01-24,156.034,156.572,154.832,155.948,456249
2025-01-27,155.675,156.242,153.708,154.489,509066
2025-01-28,154.489,155.973,154.426,155.469,374463
2025-01-29,155.469,155.785,154.933,155.184,359701
2025-01-30,155.184,155.231,153.781,154.288,847898
2025-01-31,154.288,155.217,153.908,155.156,461949
2025-02-03,154.764,155.88,154.005,154.683,573660
2025-02-04,154.683,155.523,154.169,154.321,369646
2025-02-05,154.321,154.458,152.107,152.584,428953
2025-02-06,152.584,152.893,151.234,151.357,758420
2025-02-07,151.357,152.42,150.925,151.39,518019
2025-02-10,151.203,152.535,151.17,151.99,327082
2025-02-11,151.99,152.602,151.643,152.468,323623
2025-02-12,152.468,154.797,152.344,154.407,447872
2025-02-13,154.407,154.666,152.697,152.788,943802
2025-02-14,152.788,153.152,152.02,152.282,363745
2025-02-17,152.197,152.383,151.335,151.486,279242
2025-02-18,151.486,152.221,151.229,152.054,313296
2025-02-19,152.054,152.308,151.238,151.457,347739
2025-02-20,151.457,151.465,149.393,149.627,841432
2025-02-21,149.627,150.733,148.919,149.226,464416
2025-02-24,149.169,149.87,148.841,149.695,459614
2025-02-25,149.695,150.301,148.557,149.019,510597
2025-02-26,149.019,149.884,148.614,149.084,488655
2025-02-27,149.084,150.161,148.739,149.802,1080878
2025-02-28,149.802,150.985,149.093,150.609,597764
2025-03-03,150.725,151.301,149.094,149.489,604360
2025-03-04,149.489,149.873,148.089,149.791,839094
2025-03-05,149.791,150.179,148.381,148.873,753798
2025-03-06,148.873,149.332,147.307,147.979,1518794
2025-03-07,147.979,148.199,146.935,148.033,753152
2025-03-10,147.94,147.941,146.626,147.262,603887
2025-03-11,147.262,148.12,146.537,147.769,742811
2025-03-12,147.769,149.193,147.649,148.233,512834
2025-03-13,148.233,148.37,147.407,147.804,966456
2025-03-14,147.804,149.019,147.689,148.618,407553
2025-03-17,148.751,149.282,148.211,149.195,404373
2025-03-18,149.195,149.933,149.094,149.263,341412
2025-03-19,149.263,150.144,148.602,148.679,360179
2025-03-20,148.679,148.958,148.169,148.777,665002
2025-03-21,148.777,149.661,148.58,149.291,339567
2025-03-24,149.345,150.753,149.326,150.694,309136
2025-03-25,150.694,150.942,149.544,149.894,269111
2025-03-26,149.894,150.742,149.836,150.553,294259
2025-03-27,150.553,151.154,150.056,151.035,676322
2025-03-28,151.035,151.208,149.679,149.815,367109
2025-03-29,150.847,151.2,149.923,150.847,0
2025-03-30,149.617,149.953,148.71001,149.617,0
2025-03-31,149.735,150.262,148.698,149.95,496469
2025-04-01,149.95,150.137,148.973,149.594,442019
2025-04-02,149.594,150.485,149.098,149.213,454804
2025-04-03,149.213,149.24,145.174,146.019,1896816
2025-04-04,146.019,147.429,144.546,146.904,1430713
2025-04-06,145.433,147.96201,145.095,145.433,0
2025-04-07,145.52,148.148,144.815,147.812,1662960
2025-04-08,147.812,148.119,145.959,146.22,1026769
2025-04-09,146.22,148.28,143.986,147.707,1390018
2025-04-10,147.707,147.714,144.004,144.422,1919504
2025-04-11,144.422,144.598,142.048,143.437,1134684
2025-04-13,143.696,144.047,142.265,143.696,0
2025-04-14,143.885,144.08,142.226,143.006,690260
2025-04-15,143.006,143.591,142.594,143.236,462575
2025-04-16,143.236,143.277,141.636,141.827,522880
2025-04-17,141.827,143.083,141.608,142.42,921662
2025-04-18,142.42,142.441,142.092,142.108,491077
2025-04-20,142.09599,142.103,142.09,142.09,0
2025-04-21,142.023,142.111,140.464,140.859,351909
2025-04-22,140.859,141.665,139.883,141.579,426705
2025-04-23,141.579,143.57,141.448,143.392,610912
2025-04-24,143.392,143.401,142.274,142.565,731792
2025-04-25,142.565,144.028,142.555,143.637,376439
2025-04-27,143.543,143.877,143.342,143.53,69427
2025-04-28,143.533,143.892,141.955,141.96,316658
2025-04-29,141.96,142.755,141.956,142.295,311465
2025-04-30,142.295,143.186,142.147,143.046,336356
2025-05-01,143.046,145.731,142.873,145.32,681246
2025-05-02,145.32,145.923,143.724,144.953,431968
2025-05-03,145.278,145.924,143.72501,144.918,0
2025-05-04,144.918,144.989,144.06,144.274,67166
2025-05-05,144.666,144.993,143.537,143.676,320865
2025-05-06,143.676,144.27,142.35,142.414,351009
2025-05-07,142.414,143.996,142.405,143.818,414259
2025-05-08,143.818,146.175,143.44,145.894,817694
2025-05-09,145.894,146.184,144.821,145.362,303902
2025-05-10,145.836,146.187,144.82001,145.323,0
2025-05-11,145.75,146.285,145.68,145.797,87842
2025-05-12,146.163,148.647,145.693,148.452,507592
2025-05-13,148.452,148.454,147.373,147.46,351932
2025-05-14,147.46,147.667,145.601,146.744,411242
2025-05-15,146.744,146.751,145.408,145.64,722100
2025-05-16,145.64,146.095,144.914,145.621,295134
2025-05-18,145.298,145.339,144.658,145.298,145299
2025-05-19,145.227,145.445,144.654,144.852,473634
2025-05-20,144.852,145.507,144.085,144.496,330743
2025-05-21,144.496,144.546,143.277,143.656,421568
2025-05-22,143.656,144.398,142.797,144.006,835844
2025-05-23,144.006,144.072,142.419,142.551,429004
2025-05-25,142.867,143.033,142.23399,142.867,86385
2025-05-26,142.415,143.079,142.222,142.835,203894
2025-05-27,142.835,144.458,142.108,144.321,329859
2025-05-28,144.321,145.077,143.846,144.815,354516
2025-05-29,144.815,146.285,143.955,144.164,908602
2025-05-30,144.164,144.441,143.434,144.038,434448
2025-06-01,144.094,144.112,143.321,143.592,75097
2025-06-02,144.097,144.097,142.535,142.654,360347
2025-06-03,142.654,144.108,142.367,143.966,309896
2025-06-04,143.966,144.389,142.6,142.763,331563
2025-06-05,142.763,143.976,142.527,143.499,854804
2025-06-06,143.499,145.085,143.444,144.813,364435
2025-06-07,143.519,145.089,143.44299,144.78799,0
2025-06-08,144.813,144.946,144.34,144.444,56887
2025-06-09,144.813,144.946,143.971,144.595,245257
2025-06-10,144.595,145.286,144.396,144.872,295074
2025-06-11,144.872,145.464,144.317,144.523,340033
2025-06-12,144.523,144.537,143.181,143.479,780060
2025-06-13,143.479,144.48,142.788,144.075,491789
2025-06-15,144.091,144.571,143.66,144.091,84017
2025-06-16,143.958,144.875,143.647,144.696,315196
2025-06-17,144.696,145.379,144.368,145.253,350019
2025-06-18,145.253,145.436,144.325,145.104,334492
2025-06-19,145.104,145.767,144.733,145.447,480452
2025-06-20,145.447,146.21,145.119,146.061,265766
2025-06-22,145.99,146.766,145.99,146.637,82670
2025-06-23,146.644,148.026,146.006,146.127,424688
2025-06-24,146.127,146.173,144.51,144.889,371802
2025-06-25,144.889,145.946,144.604,145.162,260852
2025-06-26,145.162,145.262,143.749,144.347,716794
2025-06-27,144.347,144.944,144.17,144.623,357958
2025-06-29,144.615,144.762,144.086,144.244,67598
2025-06-30,144.295,144.759,143.777,143.975,350392
2025-07-01,143.975,144.049,142.678,143.393,697114
2025-07-02,143.393,144.24,143.313,143.637,285540
2025-07-03,143.637,145.233,143.443,144.906,292694
2025-07-04,144.906,144.966,144.177,144.495,199165
2025-07-06,144.365,144.633,144.221,144.532,39545
